filepath, algorithm, checksum
cds_era5/1979/global-1979-10m_u_component_of_wind.nc, SHA256, 52a78b93d6473cdeb74e6acd30f6b9746649a8c7d19a6fad2407a5a284c031ac
cds_era5/1979/global-1979-10m_v_component_of_wind.nc, SHA256, 0877c98503dce0d1aea6132f88bcc21430a997183bd343dc3189a228d9ca2752
cds_era5/1979/global-1979-2m_dewpoint_temperature.nc, SHA256, 5ba922d073ff70f477f15cc2696f06da8c29ee19c6c6de81a6572b8658b7a93b
cds_era5/1979/global-1979-2m_temperature.nc, SHA256, 6e87903ae3852fdbfa717c10c6317ad4e34cbcd3f19e5b63ae5c8fc654ddd72c
cds_era5/1979/global-1979-cloud_base_height.nc, SHA256, 1fcedbc864e134a3a2c2a614da22f7ee2cb2bfae7c2d614d9b02d91e56bfd18e
cds_era5/1979/global-1979-precipitation_type.nc, SHA256, f628f54e03f956b4e4818606c2efb24e4fa6f3b854efe5a34b6f3f7ff9535b72
cds_era5/1979/global-1979-surface_pressure.nc, SHA256, 71a246c773e04935318b89f6f0cd3f25d129a1a0b29c541fd91edb11f5d54305
cds_era5/1979/global-1979-total_cloud_cover.nc, SHA256, 36eb5741d9bafb2b618a9fd84608784527bc7c06faf4f407006bc6d3aa003fd1
cds_era5/1979/global-1979-total_precipitation.nc, SHA256, 6fe58c50caef4719a54180ba1fe87bfff8b2c0a0679e90111544a79245274499
cds_era5/2021/global-2021-10m_u_component_of_wind.nc, SHA256, efb43deab50ffba520bc165b6fa48c54bae88e785dbf12d1aa2e848c79b5115a
cds_era5/2021/global-2021-10m_v_component_of_wind.nc, SHA256, ea2e3563aebfeb76cfb322b8e38a84e15e3f1e59c95f645308975361ab6379e2
cds_era5/2021/global-2021-2m_dewpoint_temperature.nc, SHA256, 770d833d91dfa79a64c7870bf95401ed2d18878885b57300f736f8ac91a73285
cds_era5/2021/global-2021-2m_temperature.nc, SHA256, 95b2c67018f562c4c3abd9084f368cee792175ca9c7af8e30655323edd46fcae
cds_era5/2021/global-2021-cloud_base_height.nc, SHA256, 92af6204609f69b8483e13a552db0835193ef2daa3a505ca62a7ebac9e4fb197
cds_era5/2021/global-2021-precipitation_type.nc, SHA256, a4ccae99dbfe19f1d6fb6ac86fe23a604c88f0f7809323ee084eb564b20171b5
cds_era5/2021/global-2021-surface_pressure.nc, SHA256, 2e0c0580c39ea1ccf44794ac6bf64e2c8bcbc882fe69c066f5ccbf37509d37a0
cds_era5/2021/global-2021-total_cloud_cover.nc, SHA256, 4382ee760f2d3678a02e8bf0c3f6d63eb0dc1992030dda032c121f11b445c758
cds_era5/2021/global-2021-total_precipitation.nc, SHA256, f91d607cd1292e88bae1eea42f16b2b3b79e766e3eaf549876ea3a491e05da8f
cds_era5/2020/global-2020-10m_u_component_of_wind.nc, SHA256, 10b27921b45aad8152ab932673b92fe46782a87805967d141ea8e35c01495ea3
cds_era5/2020/global-2020-10m_v_component_of_wind.nc, SHA256, dcd636106fd4640b73e7b6c2f591a2d5079ded81754cec1a3a93bb96f8174767
cds_era5/2020/global-2020-2m_dewpoint_temperature.nc, SHA256, eff6e56e190b43229cbd66b1f5b29103ac854eb392df3d1490ac2b7db2347726
cds_era5/2020/global-2020-2m_temperature.nc, SHA256, ba13bfe97fe95f3e42040e1bdf6e6b03ecb394c4b67a7ce4f58f10159fc859ea
cds_era5/2020/global-2020-precipitation_type.nc, SHA256, d001ed52475517d1430c0916a2e094ae0ee6e75dc9f7ed89be2a7b50226d877b
cds_era5/2020/global-2020-cloud_base_height.nc, SHA256, f0c6c062babee1d27077c44eefb84ef248d72aaf0256351087dc78cef6c70e59
cds_era5/2020/global-2020-surface_pressure.nc, SHA256, 9a503d2436cc10008d66380a9fda59ad95506524ed4b409f078fa671579e5b33
cds_era5/2020/global-2020-total_precipitation.nc, SHA256, dd9efde7010636418fc72779b5f465c8d1351e38e9b1bf00a2317300d607af79
cds_era5/2020/global-2020-total_cloud_cover.nc, SHA256, 265d687911cf9e9d3b5acb9b6615d70c29d3d91f9c02aed3bac6fe6c9611fc04
cds_era5/2019/global-2019-10m_u_component_of_wind.nc, SHA256, ac0c4c8719867a7cb2d7664ad3fc866c2da6e2c7bd6d0bb413bad665beca01fa
cds_era5/2019/global-2019-10m_v_component_of_wind.nc, SHA256, 59b1c2f5ad01f41c6ab9cd881294aa34fb811544d5a0d4e8f36182681f0c5bf0
cds_era5/2019/global-2019-2m_dewpoint_temperature.nc, SHA256, 730c8af593ce51bd6df7cd5b13b02a08a03e8e2951819923ebac379d5e961cda
cds_era5/2019/global-2019-2m_temperature.nc, SHA256, bc28379a1ffb382daac1909e50d45206a4d15a6d00a0414b2aa46d3a6dc97ec5
cds_era5/2019/global-2019-cloud_base_height.nc, SHA256, 0f064dba09926e2f7935941be81fb7140aa84e08468f6c6601889c0a2ac35b5b
cds_era5/2019/global-2019-precipitation_type.nc, SHA256, 705297a0d6c1a31e5148d32328aa55b474f14bcb26adb23bbf945590e7d41c76
cds_era5/2019/global-2019-total_cloud_cover.nc, SHA256, 1b53f35e842bf0d6cbfbf13b75eadcead15e87c313782ab9db6d567e7f8c986a
cds_era5/2019/global-2019-total_precipitation.nc, SHA256, 6c139c7d0b82a1b01cf965cd22486617b95d4acf709c9e9bc73b75e91b978abf
cds_era5/2019/global-2019-surface_pressure.nc, SHA256, 4aa6b09506cf4ea2cde8f3fe9419e4f1d994b6b1625cd943b0faa9781d5b2023
cds_era5/2018/global-2018-10m_u_component_of_wind.nc, SHA256, d8d1ac15285ad513b75a0df350f83b310fc5d793db878cda43404da686c991d5
cds_era5/2018/global-2018-10m_v_component_of_wind.nc, SHA256, e823fa460b59eb8473de863767294ea07f54792adff341bd5d3c10417c829a50
cds_era5/2018/global-2018-2m_dewpoint_temperature.nc, SHA256, 33a58b3fb473600af67815229e20e3d75cb1ae62cf3a766653bfbf8c4760d868
cds_era5/2018/global-2018-2m_temperature.nc, SHA256, c3148accdb918428d08f97ced8aaebad3bf3eff10087f7043a416eae375b4ea6
cds_era5/2018/global-2018-precipitation_type.nc, SHA256, f2b91cc677827e84a490c7fee14c3110b433b95c09ce8ad68bb136b12400cf86
cds_era5/2018/global-2018-cloud_base_height.nc, SHA256, fc094ffa056b9cd75dc18a8fe7d196cf1adf0c601b03e713b6b4ca9859d16b67
cds_era5/2018/global-2018-surface_pressure.nc, SHA256, 67fb9155808de40c03e80145c9df2365dcd426cb6bc8930b960a8106ebde683d
cds_era5/2018/global-2018-total_cloud_cover.nc, SHA256, 0cd797aa381a4dffca06837b6afd8e82decce6cc1543f23259ca0594591cda84
cds_era5/2018/global-2018-total_precipitation.nc, SHA256, a83c9c24f03394139ff675817bd6c1b459a9f9b07c40f8557dcd673e5b240bfe
cds_era5/2017/global-2017-10m_u_component_of_wind.nc, SHA256, f4a482e75df9d9a5c165d923705d9633d031b15356cbbfb501cebf62eb5b5683
cds_era5/2017/global-2017-10m_v_component_of_wind.nc, SHA256, d0351959bfa58ed6622ac15c5a20df167751e12eb50953a12e04a39977d58bed
cds_era5/2017/global-2017-2m_dewpoint_temperature.nc, SHA256, a0a18fce17231fb89d4345ac469fc47f2ebc6785003bb4e9bad62bedcda23ae1
cds_era5/2017/global-2017-2m_temperature.nc, SHA256, 83029f67b4a78934e895954bc2ed2f7562ced0a8883318b5e267edec3aa1a376
cds_era5/2017/global-2017-precipitation_type.nc, SHA256, 62293f2299d30e27d135b799a51da7a98c89a253e587ceff32c7de0f88bd281c
cds_era5/2017/global-2017-cloud_base_height.nc, SHA256, 123f23717bba18315cd08a8b9362d8224e68ca019dffa2bbf0671a603df6a080
cds_era5/2017/global-2017-surface_pressure.nc, SHA256, 46c6eb5daf1f419677ee595a878a9c1f263049787775f56f629f90d913a4c261
cds_era5/2017/global-2017-total_cloud_cover.nc, SHA256, a6971235039447e053f3892b594a5d70a287db918fcd9c25d548189cffc73428
cds_era5/2017/global-2017-total_precipitation.nc, SHA256, ba6bc87de32198fcb20a98612a7cf889a098df1ba1363908678e8a92f2bf82c4
cds_era5/2016/global-2016-10m_u_component_of_wind.nc, SHA256, a4f27dec6788ebf9f2d3ac7e8cac8a65ecee94acc8de299182aa133bf5c78932
cds_era5/2016/global-2016-10m_v_component_of_wind.nc, SHA256, dca33dbd9ce0e6c27c9b4e9eaddc8718bdfd33ce7e476a6ceb45ae7323e21fa0
cds_era5/2016/global-2016-2m_dewpoint_temperature.nc, SHA256, f6c232649d735e12a43c3a1aa246fec881d5203d36958d8f1c7066a51b6f8f99
cds_era5/2016/global-2016-2m_temperature.nc, SHA256, c10e5eea2ec8ed67e2b9f4d0dc865950343b70cde34f52d6b0c6c24732b0a3cf
cds_era5/2016/global-2016-cloud_base_height.nc, SHA256, 1700a13334a14ee69b02d641b5581c4c06367efa41a6d3340cd6bacfb58fc874
cds_era5/2016/global-2016-precipitation_type.nc, SHA256, 10721ae2c1530cbc9f8faa625eb3f51b5963076e1afc32afc11592055abce877
cds_era5/2016/global-2016-surface_pressure.nc, SHA256, e6049a6f09231acf091e65f55121f02ee8ec8c3b2a2930ac2a8afffb82f0269b
cds_era5/2016/global-2016-total_cloud_cover.nc, SHA256, a997780f93710db87e5130c74049d6f75a91cecd0b9255f3044b4f98a2c159bb
cds_era5/2016/global-2016-total_precipitation.nc, SHA256, d424af752ec8ed0a4c02b50ff9010886babcf84d45a53573061c1bb905180d63
cds_era5/2015/global-2015-10m_u_component_of_wind.nc, SHA256, 41aa2873bd427123fd1576e449914fdb9bc7480e51cf9f76db57286c5d61fc50
cds_era5/2015/global-2015-10m_v_component_of_wind.nc, SHA256, ebec5754f9786addd371d0a4cf12d7007e28d28a50a805eafba8b188d5896831
cds_era5/2015/global-2015-2m_dewpoint_temperature.nc, SHA256, 40fa66f3900d1c3972d3df62d889efc220f2f95e9eadc22b44913cb2eb64cdb3
cds_era5/2015/global-2015-cloud_base_height.nc, SHA256, 94a9df462096ad6ae74395f19e01138dd654c23ce175197f150a24fc237df512
cds_era5/2015/global-2015-2m_temperature.nc, SHA256, 71f75959c4e65f8a01d754f7802619b0b4623b7cca866d5b03e6ea99ab63cb4a
cds_era5/2015/global-2015-precipitation_type.nc, SHA256, 96a0b8c50a2460eaf8737e7395c8eb9195736b1d1d4bcdf30b1fe4707dfb834d
cds_era5/2015/global-2015-surface_pressure.nc, SHA256, fecc79999d5b908f94467acfe4178a7eab898620fee45b7eb5e0865dc9319ac6
cds_era5/2015/global-2015-total_cloud_cover.nc, SHA256, 57721b6fd59db41c31eac8aa8d28838a58768f50d9f21b64d7c332f65ed53f52
cds_era5/2015/global-2015-total_precipitation.nc, SHA256, 08d025695d85281558e86615b90d7b3a0aec76592c438bedcb81f1201a2520b3
cds_era5/2014/global-2014-10m_u_component_of_wind.nc, SHA256, b5322e3f84927ab041975cfa35811830ce87704c174a8f7f1e61caa03554d6db
cds_era5/2014/global-2014-2m_dewpoint_temperature.nc, SHA256, 28926feb8e886d3d7c3c719082981d55d2a4806ecec332261d18816bd3cf7e42
cds_era5/2014/global-2014-10m_v_component_of_wind.nc, SHA256, 59ed46f9e2807c18518eb53d985a1dbaf333785e6d6ecf84c77b0b52da925782
cds_era5/2014/global-2014-2m_temperature.nc, SHA256, ecbc99f6cb9b35e786a09f6d9d383154dbab58f907fe3356f1f316fc2be6fd03
cds_era5/2014/global-2014-cloud_base_height.nc, SHA256, beb30a76b198a660c41566da5ae1b8109b63409793f5252e824e50463c29de23
cds_era5/2014/global-2014-precipitation_type.nc, SHA256, 97c072ab323ed787cedf0a79666492c6577c09e4900eaba394ecffc1d63477ed
cds_era5/2014/global-2014-surface_pressure.nc, SHA256, 3c05f44c5230719fa5c9307a47424e1020f8b0347383db59dda7255a99a988ce
cds_era5/2014/global-2014-total_cloud_cover.nc, SHA256, f4c74ae25bbb5355052f103258aa1a4fc90bcb8cef76d60c1003bf43abd303a3
cds_era5/2014/global-2014-total_precipitation.nc, SHA256, d2388787587a228abc7f8885fc34dd93fd2ee2c9726259b15e7d485af276cea5
cds_era5/2013/global-2013-10m_u_component_of_wind.nc, SHA256, 52532f26f407a4b4f55841afd00f288716363e2f27d7f2f69a0796025b4b7576
cds_era5/2013/global-2013-10m_v_component_of_wind.nc, SHA256, 09e8e3e6ac5bc9dfaf96116648fea80e08b63211c58c02d9f3b927dfb6b7a893
cds_era5/2013/global-2013-2m_dewpoint_temperature.nc, SHA256, 65dfdc0c7fb14c02aac0f472bbb60fc06ce4ff5ddc9b40b073d0546f6c04132c
cds_era5/2013/global-2013-cloud_base_height.nc, SHA256, 071a5b579aecd7129db9b5fd8b902c6cc49dbf248cc9a523ec054efb0b1fe781
cds_era5/2013/global-2013-2m_temperature.nc, SHA256, 497355422b8348f2ae1f6809f36404f4189135875abdaffd4aac90a417ac5ebf
cds_era5/2013/global-2013-precipitation_type.nc, SHA256, 64fb36362e405cc28004fbb1ffde94f04c7243805f3c0ce0369314d830b82214
cds_era5/2013/global-2013-total_cloud_cover.nc, SHA256, 3199cfd5c445dfcc64ef9a57e097d6799d64825f4168e5e86d1db84d0a06da00
cds_era5/2013/global-2013-surface_pressure.nc, SHA256, 8930621c2c1d57012ee1742bd47a2f4f79aece4820ccd7c6b4018d02c984f5ef
cds_era5/2013/global-2013-total_precipitation.nc, SHA256, 728684f26df3afc9072ecd94fdb2f41025eabcefc76a561d02726e9daf751ea5
cds_era5/2012/global-2012-10m_u_component_of_wind.nc, SHA256, 853f5af84668d59035bb315695b71e0d3f6b496be25cba1cb586d3644470d738
cds_era5/2012/global-2012-2m_dewpoint_temperature.nc, SHA256, be0417fa229d3e41f8971b4c2f9abfbb2909d8802eba0d7d36e7e750bac022c3
cds_era5/2012/global-2012-10m_v_component_of_wind.nc, SHA256, 15f9caecc6575ba71a3788a54ec022cd74dea31ee8a0e43d5fefa84bc8dcf8cf
cds_era5/2012/global-2012-2m_temperature.nc, SHA256, f62096dd053bd50a7960e17d17bad2c660f1074715d1eb8e01445f11fb01bae5
cds_era5/2012/global-2012-precipitation_type.nc, SHA256, e452da061fe47899cd8dcf5c42772867612f2fb5c0cb1d6e85c16dc6073c78b8
cds_era5/2012/global-2012-cloud_base_height.nc, SHA256, 85cbd8ceb72c8f95e10cf30a5c8518af2902c23b6a7fa5147556f7b044b76e66
cds_era5/2012/global-2012-surface_pressure.nc, SHA256, bf1d7f4685c6811ad56eb116321a7ec01bed17b20906cf135e17f0dbb8ccda95
cds_era5/2012/global-2012-total_cloud_cover.nc, SHA256, 13c64f8453e74614461f3ff2bb81da22b43cf44c2359de9b2f5a67bc332eb550
cds_era5/2012/global-2012-total_precipitation.nc, SHA256, 7b6d890b757384046328c694611059864216d0d5b9d74c307b8dbfd1984a91bb
cds_era5/2011/global-2011-10m_u_component_of_wind.nc, SHA256, b1dbd82fd492fc04e31c412f5205ec085662e2b11b3c95097408c005ae7d91dd
cds_era5/2011/global-2011-10m_v_component_of_wind.nc, SHA256, 25b12f29f12db80ff38d6c047c5f6e8818504e0ee9926154cb31cb38b6ca51e5
cds_era5/2011/global-2011-2m_dewpoint_temperature.nc, SHA256, b8d0b7d5c7f0f2baba8b75d9d31c75f4a22a8492265b67ff01fea2b694578b15
cds_era5/2011/global-2011-2m_temperature.nc, SHA256, 3af90e1c41328f28aafdb16f8778db8448e81cfdb92bac7cc695a77f4e4fc964
cds_era5/2011/global-2011-cloud_base_height.nc, SHA256, 0c0408a999c6bbce89dbbff6be82fa311f0845aa7395c4e58c6bd59dc9c5b1ed
cds_era5/2011/global-2011-precipitation_type.nc, SHA256, 200b91a6a0f4315e4954e41ca033ac770c7f88251bb3982cccfa30dea9956836
cds_era5/2011/global-2011-surface_pressure.nc, SHA256, a1c2ceec3a0f3d9b27f262473c1fa3d073cced2cbe2bdceced1470e349a51f23
cds_era5/2011/global-2011-total_cloud_cover.nc, SHA256, dc55c7b84a12cf2fd5473d360d25bfa94ba1f7da1a5bc742ac7ec622b5a9dd25
cds_era5/2011/global-2011-total_precipitation.nc, SHA256, 014abb74476f6c71d9df3a9505882ca656c3e4e46f35af641689ef6b1845f54c
cds_era5/2010/global-2010-10m_u_component_of_wind.nc, SHA256, 349c417b3bcc33e6f6ae5bda6c5cba8620a18ae134840c80e8c08c924c103f1f
cds_era5/2010/global-2010-10m_v_component_of_wind.nc, SHA256, 1fa5ad586b27e83cb3f67045e203b08a0fd29332dd78cc5ae63525b41384d7fa
cds_era5/2010/global-2010-2m_dewpoint_temperature.nc, SHA256, fd4170374d2d74710665a509496377aab9d237e4cfec045b83043f2f11c76f6e
cds_era5/2010/global-2010-2m_temperature.nc, SHA256, e0ed73dfbee5f75d6248eb6f7293d5b9fca26776e0c28bd837363215a4e91799
cds_era5/2010/global-2010-cloud_base_height.nc, SHA256, d7a0337313f84f66188f8fefb83a3947ec9ba23b620c073c90bad5b0f5b0a804
cds_era5/2010/global-2010-precipitation_type.nc, SHA256, ec49a5ed6fbd755726fc6c6fa05dcddd427b022e0deaa91365877b7ad13f4a60
cds_era5/2010/global-2010-surface_pressure.nc, SHA256, 41317eb87d14ed7e504ec1c28f05511a2f288aba6d1f672eec23cc0032c1e56f
cds_era5/2010/global-2010-total_cloud_cover.nc, SHA256, f43a63c3d6112d14867b898a7d06e073c898861bc400ff57520966acbb05ec6a
cds_era5/2010/global-2010-total_precipitation.nc, SHA256, 736fdf28d855ae3b6d8607a4c844518fbc95b4dbc1ad7e97d89d20a7b99b1924
cds_era5/2009/global-2009-10m_u_component_of_wind.nc, SHA256, 7854f5f23ceab9133e427d22f9a3fad1f7dc12ca10019aa95882b1c214405f2a
cds_era5/2009/global-2009-10m_v_component_of_wind.nc, SHA256, 7a67855b912c6539beca80ef949288c62c8fc90840d38573986923562bd9a19d
cds_era5/2009/global-2009-2m_dewpoint_temperature.nc, SHA256, 19dee9a19fe9c7b2f78bb3d472ab8b707d3f96ca1cdaf8042b490cd17f2c60b2
cds_era5/2009/global-2009-2m_temperature.nc, SHA256, da0a5726ab46350899b721adfc2cf554b696d63291ad07b26767d7cda56789ba
cds_era5/2009/global-2009-cloud_base_height.nc, SHA256, fb1c7295258cbf1e12763a8cfa1783a19957ef75dd9b8b6430d1ddcbd1ba456b
cds_era5/2009/global-2009-precipitation_type.nc, SHA256, b60e1b1345404c84b1912fd1349e036a79a674137028c3cb0c1e604923b3909c
cds_era5/2009/global-2009-surface_pressure.nc, SHA256, e9731cd41cbde3a8220fe88be690d137bc0befe8faaff1f075a94cd7c4b0ed46
cds_era5/2009/global-2009-total_cloud_cover.nc, SHA256, 0024423f9711c4fd143e024f7cb5bd8a66762ed78d42781418547ed45ed64746
cds_era5/2009/global-2009-total_precipitation.nc, SHA256, 9fbc499e6f1e60bc4027fe247f945d8dc80184aa3a0a6b3d1808b30fec270a63
cds_era5/2008/global-2008-10m_u_component_of_wind.nc, SHA256, b840d99a9387e18d40688958b00ed9b976a2aa572b29b732418a89edbc1d8b26
cds_era5/2008/global-2008-10m_v_component_of_wind.nc, SHA256, 11085c5d6e1e876c40a67e8bab4013ff083bf1a21db51c6ef88b359edf983258
cds_era5/2008/global-2008-2m_dewpoint_temperature.nc, SHA256, 5286fcca4b706fa4479aa1fd2c0e74bae2d0cad0985d57032c04740db254e1ee
cds_era5/2008/global-2008-2m_temperature.nc, SHA256, 870cc72ac4af3e94c45207416a54235c75eb42339595370b11163c7d57a7eb70
cds_era5/2008/global-2008-cloud_base_height.nc, SHA256, 0197e11e918020ff638a61dd246a76447084efecb934e0402e7d2f7efcfaac75
cds_era5/2008/global-2008-precipitation_type.nc, SHA256, 041c42465358d305b5dc01c125d157a0b3c6c843ae03ff56ae4b059acdf93715
cds_era5/2008/global-2008-surface_pressure.nc, SHA256, 3f361f3eff30374e9c2186d5125477ad55658534e0c1a14f14d7bca42b9c1089
cds_era5/2008/global-2008-total_precipitation.nc, SHA256, 07760b0651df1259fb49b2ead023d50681091557d5b060da4a2eb5686a21a69b
cds_era5/2008/global-2008-total_cloud_cover.nc, SHA256, 8bad849059efdd94731f4c3fff9203c106245c272c5ad38f7b7b68170a2d78a7
cds_era5/2007/global-2007-10m_v_component_of_wind.nc, SHA256, 19f997a6b51f18e49a2827b2aa418f134c90de736eba14ef125dc0f318982806
cds_era5/2007/global-2007-10m_u_component_of_wind.nc, SHA256, 609b3cf6fb3b13190daa9ee17518733512e4c9f3bdda09380f0c2896b7e61ecb
cds_era5/2007/global-2007-2m_dewpoint_temperature.nc, SHA256, 6ccc320dfc61a2cda0bcccecb22fdf4bebbd181628fb2482a426c8bda5e52dfa
cds_era5/2007/global-2007-2m_temperature.nc, SHA256, a7a06c345e219a745006e97bbae30041ff080a5670d501542e953222b4ab0ce1
cds_era5/2007/global-2007-cloud_base_height.nc, SHA256, 2ded7fc1f1ba508e36ddf3b8862101c993f5e34c575641ed8c1372f373dc4a75
cds_era5/2007/global-2007-precipitation_type.nc, SHA256, e6f2ab37afcdfc360a511b88f0000ae8ad4abe8d141987f5ba94bcfe34bef18b
cds_era5/2007/global-2007-surface_pressure.nc, SHA256, 4ea84b961d95ce1c65efbb3bdc06c38967c67e245985d88aa1cbc00cb5d258f2
cds_era5/2007/global-2007-total_cloud_cover.nc, SHA256, b879f00b4c4341d86f26bb4c7e7de47e6fab9974ca166bd3a28cff0cfd2fe8aa
cds_era5/2007/global-2007-total_precipitation.nc, SHA256, 50f5a581bf9b0dad1b7b207c139e22129edcb18f44585471b92708ad6b1d1d56
cds_era5/2006/global-2006-10m_u_component_of_wind.nc, SHA256, ac03160702023890aa29a57f367d18b1f283f9e1d4d38417399c5fa64c22b036
cds_era5/2006/global-2006-2m_dewpoint_temperature.nc, SHA256, 28ec670bf1ce1a210c0bce0b18db9d272b4ca8598238baca4dcfd4d9136ed276
cds_era5/2006/global-2006-10m_v_component_of_wind.nc, SHA256, f49669582db7e14fff817d1b89716b8d0d999a2b6b0ac29435cc8f353daba084
cds_era5/2006/global-2006-2m_temperature.nc, SHA256, 6631f5a316b412cc99cf7b313c3793b45500ed222bb8375f692042793f6d5794
cds_era5/2006/global-2006-cloud_base_height.nc, SHA256, c8050ff2120b29575baecd9a0c543e360d9cc3d8c5b1ce25bfbd757b4471294d
cds_era5/2006/global-2006-precipitation_type.nc, SHA256, ebe334a0a72a3bf7f0cf7d9dfad40c0db0b1a04bda4557fe03a094f7ea7616a9
cds_era5/2006/global-2006-surface_pressure.nc, SHA256, 8dd4b6368e4b4ba50d8e35bbb8f364f899f979977aa1017ca6e6c75f7791ab27
cds_era5/2006/global-2006-total_precipitation.nc, SHA256, ea494659b8049d9795d5336caf29101e9cec08ab17a40cdc0a06e3f9600dce7e
cds_era5/2006/global-2006-total_cloud_cover.nc, SHA256, 3348e2b94ac69e9ed6fd77a05a5e46924dc54cd40bec5ca6c4234bbb24f98b1b
cds_era5/2005/global-2005-10m_u_component_of_wind.nc, SHA256, 95a587d9bdd2591138733bda4e80efb8f3e67a1ec2a9c6d8bc1b5eed97304976
cds_era5/2005/global-2005-10m_v_component_of_wind.nc, SHA256, a8554ce127620b2783ab91f2a3baeb2d4d4763f38e28296798242488e4900550
cds_era5/2005/global-2005-2m_dewpoint_temperature.nc, SHA256, 1626904c26eb3bb375b305e0ab7a1e443b3ab707f26026e308cb2200de7f1334
cds_era5/2005/global-2005-2m_temperature.nc, SHA256, 040f63bb564511d91b3f62204c5a32b068773809f952669a078e6a5537f097d9
cds_era5/2005/global-2005-cloud_base_height.nc, SHA256, fcf5edc13052dc08126151dcebebeaa3ca48d067762ac9ef87867da1a5ac627e
cds_era5/2005/global-2005-precipitation_type.nc, SHA256, f4674e027a5ba2aa3b0ca403ac9a1d394bef59d5609b8133110b02d4ae3b8655
cds_era5/2005/global-2005-surface_pressure.nc, SHA256, c0df88e12f2d90ecf70b42677a4fd7c38160ea34473b7b648adf3d8e66c13d39
cds_era5/2005/global-2005-total_cloud_cover.nc, SHA256, cdef3af5e2b2ce7eacad99f77a29c8a08f00157b413cb9ba45ca5b9f6578eab1
cds_era5/2005/global-2005-total_precipitation.nc, SHA256, 36dca20a4bc1dff82bfda5df4eb1a0c7ff6320ee0f95cec8959ebcbbe0cbf767
cds_era5/2004/global-2004-10m_u_component_of_wind.nc, SHA256, 1ff694323578fa8bcf65c0203dab935d25b7f4223163732f9abb3b689ca6eb15
cds_era5/2004/global-2004-10m_v_component_of_wind.nc, SHA256, 898cd6406d2ea2d455e579d175031a346b3f64b59cf57304fa9365cf9844da7b
cds_era5/2004/global-2004-2m_dewpoint_temperature.nc, SHA256, e7ebe1683c45b0850dc17198e32f011fc42fbb74a1d541e8e4f8a4fefaaf0f6f
cds_era5/2004/global-2004-2m_temperature.nc, SHA256, 0b287d92912ca5a2f70d8183fa01b8623abfb1683afeaedb72dc00d94520a079
cds_era5/2004/global-2004-cloud_base_height.nc, SHA256, d7fa0faea004efc3f673e616a6e709e806156d87fbd8de7dc139558633049fcd
cds_era5/2004/global-2004-precipitation_type.nc, SHA256, 0749a0b3b1023d0720ad988d38d9f051d9155485dfe2c0fec18ecd601b8abadb
cds_era5/2004/global-2004-surface_pressure.nc, SHA256, 86939625f826aee5ada1dcafa5f28ac456a90535bb4410e46d314159a32c86f8
cds_era5/2004/global-2004-total_cloud_cover.nc, SHA256, 1bba29ec5d56185d7b52766120e87398b10a1354ba9e4bf3ed81412f695c48cf
cds_era5/2004/global-2004-total_precipitation.nc, SHA256, 0d6607ee190e120d38332ca098865b2c0152b6816cc313b312c97322bd807b73
cds_era5/2003/global-2003-10m_u_component_of_wind.nc, SHA256, c1d265fb723e7227123f39c97639518ef20eabbe0ef887c45854ec499a31ddba
cds_era5/2003/global-2003-10m_v_component_of_wind.nc, SHA256, e16ed69daad424a292cfef0d21565aa37e446c06aa32845d0adb273b529598e2
cds_era5/2003/global-2003-2m_dewpoint_temperature.nc, SHA256, 12c1c13f27fe2cbb3de2451764c67ba613fd198ed4ce9c5a80e4a8c4999078fb
cds_era5/2003/global-2003-2m_temperature.nc, SHA256, 22e99d421f755ccfdf85871be901c4f42e283857f30e0c8c5798b85280052823
cds_era5/2003/global-2003-cloud_base_height.nc, SHA256, 2a27b663b586ea20d73edc21de517270b5a4ea212c3a57f0fa597549bdb361db
cds_era5/2003/global-2003-precipitation_type.nc, SHA256, 45e459e1a03d1e28c78eeadcd4126558f61e2d5d1dbddf61f4af98633a1d2fff
cds_era5/2003/global-2003-total_cloud_cover.nc, SHA256, 195317896f523f47b5487faaea35b65ff357b7a13da1cf06fc341028ca67aa3a
cds_era5/2003/global-2003-surface_pressure.nc, SHA256, 25581b5f5640b85bc7c4185a77cd56b43573834b281bae8224c84f37fa9e5ce1
cds_era5/2003/global-2003-total_precipitation.nc, SHA256, d6b619345fadfc095a888a84f39c04c446a8be9dfb100e057db27bc3cbf37890
cds_era5/2002/global-2002-10m_u_component_of_wind.nc, SHA256, 8cfc9f5c38408bf3c338ec8d0a03418a603163124180568b397fa74e6fa1db90
cds_era5/2002/global-2002-10m_v_component_of_wind.nc, SHA256, 6b5763333e863c5775227edf2a85534cadeb694530146e5319a0cd89dd43a6aa
cds_era5/2002/global-2002-2m_temperature.nc, SHA256, c1da334fb5291f19c2a9f938e3e62a350fa39472b42908dbc102457f7d4d99aa
cds_era5/2002/global-2002-2m_dewpoint_temperature.nc, SHA256, f24262637f28b320ca5df0d080651d26efb0c15674f90df4a15e75db47766536
cds_era5/2002/global-2002-cloud_base_height.nc, SHA256, 980545d6f88d05f5ba7fb19748c4d3d9aa107716202064da0946d01f58cda586
cds_era5/2002/global-2002-surface_pressure.nc, SHA256, 63dbc4572ef3c52e4a3e7f07fe18d6320000704b4b42cf7c4d5fe30cf46feaa9
cds_era5/2002/global-2002-precipitation_type.nc, SHA256, 8f6b2cf073e660152a15df84e46b884dcd2292f4d5989fd9ec3484014315d83b
cds_era5/2002/global-2002-total_precipitation.nc, SHA256, ecfbbd739640e7cdb0a3a6e0e5456b4ec243fd0f1d78268e7a7199ba582b1724
cds_era5/2002/global-2002-total_cloud_cover.nc, SHA256, f98eddf20f9376553b7a94155fb2c5e7540eea4db5d3ce2236438753e3277c2f
cds_era5/2001/global-2001-10m_u_component_of_wind.nc, SHA256, a0d2568c4e3360d7775d550a13e497a0c2fb72c6605df501d145325acd13d4e9
cds_era5/2001/global-2001-10m_v_component_of_wind.nc, SHA256, f5c62e09605eb886af374934206f338ef6f6b0276aa3b42462bc1e0d5e37f6b6
cds_era5/2001/global-2001-2m_dewpoint_temperature.nc, SHA256, 2a8f0c48122b8c04075b0ca8122dec88e12b51bd3bb935d338ea5b477d3bdb13
cds_era5/2001/global-2001-2m_temperature.nc, SHA256, a8caba98c1ee75756b65265ebe262cc515115d6eee1414d6a57afb09730f2201
cds_era5/2001/global-2001-precipitation_type.nc, SHA256, 2b2404892e631f493fb4ff13907485965a7a6da86e68af431a8658b0b91a0580
cds_era5/2001/global-2001-surface_pressure.nc, SHA256, c7821d727a6766496a9c85b3ed493149c39730b93494b95da99580d1a8de8f21
cds_era5/2001/global-2001-cloud_base_height.nc, SHA256, fb426b56fa40fb0d09e1e43e5d00d60a1d6f9c0e5cc30848eb264f2c6911b080
cds_era5/2001/global-2001-total_cloud_cover.nc, SHA256, 55b01ae99eed9e2b572152f33efbaa20f373503367cf804bec285821a5d992a9
cds_era5/2001/global-2001-total_precipitation.nc, SHA256, 7ea0d85b497e14720bbf84fe137eb6e363213c343f356f285b96d9c4fcc0c963
cds_era5/2000/global-2000-10m_u_component_of_wind.nc, SHA256, 8cb83a84c6e57c18187a928c20f2acc1428cc6a31aad9981da732ad8b5b1e45d
cds_era5/2000/global-2000-10m_v_component_of_wind.nc, SHA256, 25977812db137b7f35504872bf6ac6f01598e23c406f0f00c2fc0ad0a2ffef9d
cds_era5/2000/global-2000-2m_dewpoint_temperature.nc, SHA256, a14c3a3bbe61e380c7ba71dcf193a997220743c7ca1afe18e15fab2b710fa065
cds_era5/2000/global-2000-2m_temperature.nc, SHA256, d27f4e492e3a30e08767756e729e22c340560e90c7f37d01565f2c352912dca9
cds_era5/2000/global-2000-cloud_base_height.nc, SHA256, adf4bd23cf3f5602b96b9317ebd4d21302092b801071e2422dabd9e844f44aa8
cds_era5/2000/global-2000-precipitation_type.nc, SHA256, 6084adfb6fba682ce4b7fe21d16b70a8112286a8f08fcba6507ab3d71546efb0
cds_era5/2000/global-2000-surface_pressure.nc, SHA256, 7a0659f28da2cde59366b60e671595953f79f1ae2cbf996834d7ae52cb68b344
cds_era5/2000/global-2000-total_cloud_cover.nc, SHA256, b3082688cf1823fe089408eaf8b0d01e7b728869949910250187000a22d1e09d
cds_era5/2000/global-2000-total_precipitation.nc, SHA256, 5b5cf0cdcb322b32fd9d47607962b4c8408e03d40d3737aebbb1bc0d54466d99
cds_era5/1999/global-1999-10m_v_component_of_wind.nc, SHA256, e8219a3eaf1f17475018729e4aac8d7608bc82f1cc3ebe137f687851527d4082
cds_era5/1999/global-1999-10m_u_component_of_wind.nc, SHA256, 8fe95bc63a5c0fbbe95517fc0dcd0f18c4d69e5157789c963a13d8c1b8335a60
cds_era5/1999/global-1999-2m_dewpoint_temperature.nc, SHA256, efc25ee076cdd67ca26c9c96eb8d8768b8fc86cd4209940ad697ed90147f79e9
cds_era5/1999/global-1999-2m_temperature.nc, SHA256, 568a395d8c376f0d7cc32837aa11b67156dc3b359614ed953ac6ced6a8de91c6
cds_era5/1999/global-1999-cloud_base_height.nc, SHA256, f9494fa68a2fca2d7db41391dab075ccf886a19b77cdd376bc29774ed16777d9
cds_era5/1999/global-1999-precipitation_type.nc, SHA256, 1e6c8b9bd7bfb9b2e1b76e3631d6c8c637efc7cec0f1d5d14823ee017ce9d06e
cds_era5/1999/global-1999-surface_pressure.nc, SHA256, 9ce13fdc48c8033c23b235a8b9835578e3f18d4749e653f793ac91b1bd391fac
cds_era5/1999/global-1999-total_precipitation.nc, SHA256, 04e6af8fecf00f914ada49196d5365fd0963e65db677247f61ff051e3281e6c2
cds_era5/1999/global-1999-total_cloud_cover.nc, SHA256, 1b9134b308eb11fec1da58abd4004485b0c9de26dcc801d42fb359c1d3967498
cds_era5/1998/global-1998-10m_u_component_of_wind.nc, SHA256, e4a9581e2b18dbfce6fd8acae43f24b3dec23866071ed658af7c50aae847a932
cds_era5/1998/global-1998-10m_v_component_of_wind.nc, SHA256, 7185a4003ca5130293b6e1875149b0c8ca6a0c4984e6aa0cc6c87572a36a9e55
cds_era5/1998/global-1998-2m_dewpoint_temperature.nc, SHA256, 000010ac1d7cc3f7b8a6eb5f32e08bc4d68a7b6a9474fa2a1bf8ffd10658e567
cds_era5/1998/global-1998-2m_temperature.nc, SHA256, 37c904ef7f226a75fc511f7725b6d3bc5cb7d4d60c57858d168e7713bc98c706
cds_era5/1998/global-1998-cloud_base_height.nc, SHA256, 0c28107df91143a0ce3a40334d46f4903b00057ae18bfc341d88d0bd2cece09f
cds_era5/1998/global-1998-surface_pressure.nc, SHA256, 9c5fb7b44d5ec418c77c917642d84e5c5d502709a7d7cb1829c06463d25a52da
cds_era5/1998/global-1998-precipitation_type.nc, SHA256, 48a465748a830c4cdd0c97b56c9ba5523f3734dceeed68c15354df674a1555dc
cds_era5/1998/global-1998-total_cloud_cover.nc, SHA256, 6f61d0316755d794f2799dd86d565ee6f0c5107f68b93e9aa7fedca07b62837b
cds_era5/1998/global-1998-total_precipitation.nc, SHA256, ba3a2e8cc9b65bf44ae4bf79a62a2e177357bd35ad001989831c347643734ba7
cds_era5/1997/global-1997-10m_u_component_of_wind.nc, SHA256, 4a1b189022ccd9923353f787a6996f82d8f2ac9fa1905e25b5a3918b2ce5cd53
cds_era5/1997/global-1997-10m_v_component_of_wind.nc, SHA256, c111f406e4bd953f66b4334480556203dd234d56299a9004e8c82b32330a3b64
cds_era5/1997/global-1997-2m_dewpoint_temperature.nc, SHA256, 3bd980482489c0a49b1ab729d48ba30c92cb99d107ef959b2d79df4019bb3291
cds_era5/1997/global-1997-2m_temperature.nc, SHA256, e3abfc9c55f59c09a0d2a4f7f264802f578518c28cd5ae69c6698676c8c309c5
cds_era5/1997/global-1997-cloud_base_height.nc, SHA256, 8da871d6ad5ea04a30e5cf4ee93e0806f446843ea7c146efb35f2703b58d30ee
cds_era5/1997/global-1997-precipitation_type.nc, SHA256, 50e40f040463ccdbce1b36ee6e84ad60dabc7311aaf3a00613bea1a5758d18d0
cds_era5/1997/global-1997-surface_pressure.nc, SHA256, 1b016811fcd1b56a57a478d2bd899e29fb7b6b5be6cc2e065347658dc4e74ef3
cds_era5/1997/global-1997-total_cloud_cover.nc, SHA256, 4cf4864f3490fc12c92c5b3880031309d5ab7eb84eec1ecf28ec2497ee0b0910
cds_era5/1997/global-1997-total_precipitation.nc, SHA256, 2ce82d7c3a04fb5a2c6306cf6e2d4cd54c3b0e18efe4afed370c33692cbb1c32
cds_era5/1996/global-1996-10m_u_component_of_wind.nc, SHA256, 64f98e331a96c26d0ba1e9812236439a49892c6ec26e1fb31f8e61707ba4c2a2
cds_era5/1996/global-1996-10m_v_component_of_wind.nc, SHA256, 5c4eb8baa326e71042bfd6ddd68d267159eceb27ef1e1c602a4cf808a24d3961
cds_era5/1996/global-1996-2m_dewpoint_temperature.nc, SHA256, 6f0728e26e71215f0f7c4c09dd1c2809107bc7c75fef8cc6fa70473fba82a917
cds_era5/1996/global-1996-2m_temperature.nc, SHA256, ff1c8cc2ffa36a5ffad6c159985e11f2d4a2de5a7babd7e98f3719b1d5e8d270
cds_era5/1996/global-1996-cloud_base_height.nc, SHA256, ccc0f090e0ee72fcd2238996617845a945e67bc0808c61370c7e91746da280f9
cds_era5/1996/global-1996-precipitation_type.nc, SHA256, 3e6edaac361b3055f7c16f8f363e7ef8caa71fa26383825f969904843b999e39
cds_era5/1996/global-1996-surface_pressure.nc, SHA256, 53932cb9f4088466507e55aec1f1fd21f549c6bc2aab776514d2caee104bb97b
cds_era5/1996/global-1996-total_cloud_cover.nc, SHA256, 77eae1047981b38ceba0afde0b50ab2ba007911ae93390dd5a247bce8b8f07e2
cds_era5/1996/global-1996-total_precipitation.nc, SHA256, 3937250d2882ab84330dfe73cf2011e29f3905a5f788f0e3ece4d302feed1c47
cds_era5/1995/global-1995-10m_u_component_of_wind.nc, SHA256, 0e04320c7d927ce7889828f6d50e41bef07c9d50254b3bfc87b30c0a6bb37cc8
cds_era5/1995/global-1995-10m_v_component_of_wind.nc, SHA256, 025558d4a34a56f1d2ab336dc3dfca271394213184a7e78405100f6d9d119243
cds_era5/1995/global-1995-2m_dewpoint_temperature.nc, SHA256, ca03c0e31b096f0457a57f065cb2aace3052cf8a697e8eafefb18b5045fb1a26
cds_era5/1995/global-1995-2m_temperature.nc, SHA256, 08948ddde85b980206c47940d08cce6f1d7a36d5ebaa4f8a0e9b93bb022a78af
cds_era5/1995/global-1995-cloud_base_height.nc, SHA256, b4505ed831bc792427eb5315a3643f16e26669a86c3ed33e19687951bc52f001
cds_era5/1995/global-1995-precipitation_type.nc, SHA256, 8ada09d8c1c097d2120f3a7193ff151052f99bef1561a1c5a4c438d7ee95ff8d
cds_era5/1995/global-1995-surface_pressure.nc, SHA256, 3edac7e04eba52bc7ac581c7a1e1d1dd71f4b363ab982652c2a03442c294dc03
cds_era5/1995/global-1995-total_precipitation.nc, SHA256, 85ff319770e7535916df949204646d988067d8c5b7a80eff3019875f1987c354
cds_era5/1995/global-1995-total_cloud_cover.nc, SHA256, 40e0674c63ebaa2616054922b7faa7a3ce00d04e04c8e622cb4a02df6310f6fd
cds_era5/1994/global-1994-10m_u_component_of_wind.nc, SHA256, daf5e75dbed1176ad9a740e46c0ec627d2e4dd028b950259727a2c4aca6e908f
cds_era5/1994/global-1994-10m_v_component_of_wind.nc, SHA256, bec0eee863e412edae67a3f5e6debc57b7d3af27f2e30f268608d96c45773bf3
cds_era5/1994/global-1994-2m_dewpoint_temperature.nc, SHA256, d0d17afcd5529843ca87f2fbc5a9b814e26273e28b3711c185d8e47e2a285869
cds_era5/1994/global-1994-2m_temperature.nc, SHA256, ac045e67735795ffe1ec4b8dd26f5f18a4a88db738b10751b111b27477e49287
cds_era5/1994/global-1994-cloud_base_height.nc, SHA256, d94200f0a231ab08482b6cb04aec5bde86435a90609d2729d6e747f1e7ca9791
cds_era5/1994/global-1994-precipitation_type.nc, SHA256, 1f147497ad6474be78e29c704360828119eabe6b24cfcf249390f051d634add2
cds_era5/1994/global-1994-surface_pressure.nc, SHA256, 3a50a124273deda1d3c1a6cb5816c00474f6a1684bc31aea38880bf5fe0b4a6c
cds_era5/1994/global-1994-total_cloud_cover.nc, SHA256, df24a011c998102e4af77a1ecce2b958460a690cc86c852a7c97825f44226978
cds_era5/1994/global-1994-total_precipitation.nc, SHA256, 34cb2be15e4a1f776c0f0717fd86527c09dfee5357d26f9d4978903e27cfaf29
cds_era5/1993/global-1993-10m_u_component_of_wind.nc, SHA256, b7bb75123fabf08abc45f6d7e7637806a31a7e98daea26d6c9e8643770c063d0
cds_era5/1993/global-1993-2m_dewpoint_temperature.nc, SHA256, dccabd0f925cec87e3b848148a43ea9fdcb5838814646fb2ddfd0ee6e91be554
cds_era5/1993/global-1993-10m_v_component_of_wind.nc, SHA256, d3ceff0420666c83d379184721c890b4858fb82a68aa3d1ed6c2a9b656d1df3c
cds_era5/1993/global-1993-2m_temperature.nc, SHA256, 21de433d832d91804c502292708dd709c10e42f7345331fb03eb951f790b708f
cds_era5/1993/global-1993-cloud_base_height.nc, SHA256, 6608ee0343991a7b31230a23eab3ad3067502f26aad66d2f41ea4172082f6209
cds_era5/1993/global-1993-precipitation_type.nc, SHA256, 6f8793f026c406d5bd987cb0528bef137b317067d9f59dd30482d9af5f5ed108
cds_era5/1993/global-1993-surface_pressure.nc, SHA256, d10b10b35f2b8342ff2a453628740779141d61490b4928828830581a9bf30786
cds_era5/1993/global-1993-total_cloud_cover.nc, SHA256, 9e5403c85421b3bf03c217ea1093df341c1993b2b896562e8080d962257a622b
cds_era5/1993/global-1993-total_precipitation.nc, SHA256, f2b6d27c24a9df88b458209ad6a283bd2d30bed6f7daf34ab4023bcfb057ab09
cds_era5/1992/global-1992-10m_v_component_of_wind.nc, SHA256, f7cc31be41f6eb3bdb19924a631065cf852fa1ba49905bf1aea6d649cc12ab8f
cds_era5/1992/global-1992-10m_u_component_of_wind.nc, SHA256, 2133e30584ecc930e4d6a217ac7b8297638d1d5b54b8eaf88bfa4690551b84f9
cds_era5/1992/global-1992-2m_dewpoint_temperature.nc, SHA256, 598f0add2dea5d01d256daf2492c20122325b6e449e18ce965e243f31d77444a
cds_era5/1992/global-1992-2m_temperature.nc, SHA256, 8f97ff8e59629cb7860a84c5f1172d2717b1af026163ea6657ab3cc442166f51
cds_era5/1992/global-1992-cloud_base_height.nc, SHA256, 84375f4e608db26d8ba2fe5f5cc4a9ef552bd11e09e21cf8c23d8b93b66e31bb
cds_era5/1992/global-1992-surface_pressure.nc, SHA256, aa776622bc9615c4de7d16afba514c6774734ab3809eb3d94832dcc98ce94408
cds_era5/1992/global-1992-precipitation_type.nc, SHA256, 6f3191c98a2ce6196f9ded3a4e97d2056de69e4187f7176a758f64f1a29218f4
cds_era5/1992/global-1992-total_precipitation.nc, SHA256, cadbc67ef584c9bd05db42d83cd7fe7e29b61d7b36f276f543b77b495f4de97c
cds_era5/1992/global-1992-total_cloud_cover.nc, SHA256, 7641b9e67d3fd26c3c3e56cbcd1cdeb8136bf94aeaddbf16abf8d13490f655e8
cds_era5/1991/global-1991-10m_u_component_of_wind.nc, SHA256, 6842587e8deb52597ce2c4b4fae2fff6a72722f21dc8e57295f7200102489980
cds_era5/1991/global-1991-2m_dewpoint_temperature.nc, SHA256, f39e1039547089e47ad7ad7b874d9d2ff79fb42cce9c013c561a4f9e322d184c
cds_era5/1991/global-1991-10m_v_component_of_wind.nc, SHA256, 5a13da21b278482b974f83e2b652ec8321a5a9ff5caf4f97aeefe18e74ec565d
cds_era5/1991/global-1991-2m_temperature.nc, SHA256, 06969ae10767c8103916f8232a5f784f93af1100ca09da6ff8d486ecce1b266c
cds_era5/1991/global-1991-cloud_base_height.nc, SHA256, 1a53536fa0cb800dc208793ec3dde95be95419b9dda3d4519185774542329c4f
cds_era5/1991/global-1991-precipitation_type.nc, SHA256, 343e356ae8161b6ae8b4c02f89779db490ad6576d5a96ee2abfe05eaf9dedd53
cds_era5/1991/global-1991-surface_pressure.nc, SHA256, 4f100378b04ae33e17dc573160e7abfa326323bbdde0b3cd0729b59675b7892f
cds_era5/1991/global-1991-total_cloud_cover.nc, SHA256, 4bb4a2e31075e39f1743b473f515bd5d84d8e6eea0e562df4c294d43592697f6
cds_era5/1991/global-1991-total_precipitation.nc, SHA256, 3d590bca34c3102d5dfdae3cd2431b77dd5c855c168af19200aa551f776f7cb0
cds_era5/1990/global-1990-10m_u_component_of_wind.nc, SHA256, 179ac5d124eb88e0b13d5dce434581b45d6c6f9ae4316c3703d0074d1cced386
cds_era5/1990/global-1990-10m_v_component_of_wind.nc, SHA256, 22a4498169f368c987ee5be7b3c7c2504cc520567b71872e5eeb52e496e53ff9
cds_era5/1990/global-1990-2m_dewpoint_temperature.nc, SHA256, 3aff8f8c96649e1e94be6be4168e7938d7af053dbc09323afbef14e2a12363a6
cds_era5/1990/global-1990-2m_temperature.nc, SHA256, 4f3ca5b0da73a3341ca76e03bbf326586c3461e531e539339bcdf27eb19bf56e
cds_era5/1990/global-1990-precipitation_type.nc, SHA256, 11baa7fefca45a8f1d96d28e7ae67367111099becce9e9bde463b8e8cde52b07
cds_era5/1990/global-1990-cloud_base_height.nc, SHA256, a6a1743a4ea1fe08116b8bd56036e1a7bc6f6b2ce583b28c239eff3c89fed2b0
cds_era5/1990/global-1990-total_cloud_cover.nc, SHA256, cb6c1426519893b87d43286d0f9d71acaeb2f80a8ad7b35f4369524c9479536e
cds_era5/1990/global-1990-surface_pressure.nc, SHA256, 2a01c1d6d5272809542a18fb8f53adf3bada1099e46bf2a49da4413f6f1799c6
cds_era5/1990/global-1990-total_precipitation.nc, SHA256, bd69c92a9619a5f175596cda77b773670b8ac792e0c5566c13590214ac709b39
cds_era5/1989/global-1989-10m_u_component_of_wind.nc, SHA256, b112a5940c2e75530d934767d7524304ae2d1bd3e4de3a5c3c7bdfab833cbee1
cds_era5/1989/global-1989-10m_v_component_of_wind.nc, SHA256, 975d25096cd6c6d689097e052b216c0684d130191ad540d4763fa07da7c3a45e
cds_era5/1989/global-1989-2m_dewpoint_temperature.nc, SHA256, 8f36109e6e0a6aa8bad528af1a9f7f96870d41c124f21f8bb177b3942a34e41f
cds_era5/1989/global-1989-2m_temperature.nc, SHA256, 26eaf2a72cca8cfd36de3bbc4580485fd56ffdb17910e6fdb05666c539745fe1
cds_era5/1989/global-1989-precipitation_type.nc, SHA256, a8252095720660c52db3ba5df2111074c2b74261ae6f5fe987ae1f125cd489ce
cds_era5/1989/global-1989-cloud_base_height.nc, SHA256, f9a9cc9eb6c7a720c483743e2cbe6ed8f7d7a9c3d9d581895c8080fafc527857
cds_era5/1989/global-1989-surface_pressure.nc, SHA256, f2f68c00bc89e002106e90052a66c5c0fb91535cac54bfa3d959f075f2203ea3
cds_era5/1989/global-1989-total_cloud_cover.nc, SHA256, 2b5f79a42748e8786aa6adeea884b149eecc131172d6ed72b62779032d4c8fb8
cds_era5/1989/global-1989-total_precipitation.nc, SHA256, 819e0a6f966f7c73b437fabf54ef422e103dda684d059f2234563a582d32154b
cds_era5/1988/global-1988-10m_u_component_of_wind.nc, SHA256, bd0cefd920b7b65301863feb1ae05d43b14478afa839b2290f35cf14b5328b12
cds_era5/1988/global-1988-10m_v_component_of_wind.nc, SHA256, 50180924d4f50d013b8b383eda96fd9a09ecd40068a973b7729f7e30ecac04ea
cds_era5/1988/global-1988-2m_temperature.nc, SHA256, 6627ce1340f56f5bee745a804b31c13aba779e56b263e39c6b9417747049740e
cds_era5/1988/global-1988-2m_dewpoint_temperature.nc, SHA256, 1fd235c1d09aae767887d5e496fed18e0b9b8435ae157c1a503c213823e39f09
cds_era5/1988/global-1988-cloud_base_height.nc, SHA256, b2280fdb413e94c5e7ac2554e64999d4fe13f0af09676c3bee50438b05753d08
cds_era5/1988/global-1988-precipitation_type.nc, SHA256, ea49fb997b9b723afc103486a38fd999d3dd7715b2ab4a7e006253794c670863
cds_era5/1988/global-1988-total_cloud_cover.nc, SHA256, be4cacfd85b21bb8df0679ddad41b5e6ab54252bb4f2e7fe1233ab2c24300f9e
cds_era5/1988/global-1988-surface_pressure.nc, SHA256, ef30c2540ed84ab4bf0909a5ae07eb9e5f1f7ace055191584554ea28648ca09e
cds_era5/1988/global-1988-total_precipitation.nc, SHA256, 91e21749e09672883d733541ccfbd1537c5a56326437c633b092a2d8be6b1b78
cds_era5/1987/global-1987-2m_dewpoint_temperature.nc, SHA256, 6464b9b17f1bb7d519939edb619602549f5213fd14454e24f7b328688b0c153f
cds_era5/1987/global-1987-10m_u_component_of_wind.nc, SHA256, 5de2a5100109f9bc5a68154bf669469967dcce726889c316144af1e0d8ad8ba9
cds_era5/1987/global-1987-2m_temperature.nc, SHA256, afd0a54a9679d4a8a7439f867d6cc45c3957528a921601d7bf83d4dc16bbe7c6
cds_era5/1987/global-1987-10m_v_component_of_wind.nc, SHA256, a106f93d033b95741e911d7a90b1c6d30d52285d7b90ad5a40b32092eae63790
cds_era5/1987/global-1987-cloud_base_height.nc, SHA256, 286f97caccb61aed887340eba46e6f6498a7878e00b969c3ee45a4dfad5ddd0b
cds_era5/1987/global-1987-precipitation_type.nc, SHA256, d75325b006405f482528a6121e74eb099b745da2293c3086e3e62b772aebe5ec
cds_era5/1987/global-1987-surface_pressure.nc, SHA256, 468d58f983a474b7bff062eaa75c81a55835286a73acad376a185fef1cb04f87
cds_era5/1987/global-1987-total_cloud_cover.nc, SHA256, f8e85b399456299e7362848e1472ca2c5e1e0807e9ecd99bf55c761bfc386046
cds_era5/1987/global-1987-total_precipitation.nc, SHA256, 66e817553ced316e4d5bfd00787c58abe7ed99d06e5b03b144a72fc53cff9149
cds_era5/1986/global-1986-10m_u_component_of_wind.nc, SHA256, a9b36adb7becb5801f215d43aa4ed16e99eb96def8d64b6bbbf43c02c4fb6076
cds_era5/1986/global-1986-10m_v_component_of_wind.nc, SHA256, a1d6e593ed5f0b4056222847d4f1c329b57265fe119a5623f75643182dee75bb
cds_era5/1986/global-1986-2m_dewpoint_temperature.nc, SHA256, 644d1b83dbd2d8dc62b3d8a2eef7cafe8376681b634fa4d5038b87cbc2846e40
cds_era5/1986/global-1986-2m_temperature.nc, SHA256, be2c601ebc099722f372a685efc343c80d924dfc098ebd5d03e8533397811c01
cds_era5/1986/global-1986-precipitation_type.nc, SHA256, 9fe75c9628aba4343d64344401c68e73ee24f1ba3c68a714dca2f0440d3b867c
cds_era5/1986/global-1986-cloud_base_height.nc, SHA256, 9a2b9db8313243501cd0b902a8ba2af02e487915d5f223183a6e08006e636136
cds_era5/1986/global-1986-surface_pressure.nc, SHA256, 3106b1e290c9ef834d3275079a3b9e555245bc628cb093619d57c016b036ddf1
cds_era5/1986/global-1986-total_cloud_cover.nc, SHA256, 129555c59f2d8fe641039377f0b7f7283c3932561ce862c3d1fee6cba352395b
cds_era5/1986/global-1986-total_precipitation.nc, SHA256, 71c69e07ee3b68fdb5c13887da78eae2dbeef4623f49bb9a0652f899fde68e74
cds_era5/1985/global-1985-10m_v_component_of_wind.nc, SHA256, 0825bd5c87c346879da64de35078db76d8315a667b8b2c18b2110ddbb7eb5ec2
cds_era5/1985/global-1985-10m_u_component_of_wind.nc, SHA256, 4fd7cef56384581b94d6bf7507d22775dbdae40bf154c665278ac3bcdfd84fb3
cds_era5/1985/global-1985-2m_dewpoint_temperature.nc, SHA256, 6c3924b8268a85da398c7a3d0ed2b1873c6cb334237dd92f0ad761b59899187f
cds_era5/1985/global-1985-2m_temperature.nc, SHA256, b3dcbb9911e37919782907972e4a8ff9540fcbcbf6c2500c61eb295bb1ff8c00
cds_era5/1985/global-1985-cloud_base_height.nc, SHA256, 2df7e6b4f44144301d603edb897df0b328b5a583fc6f93488c0c386fbd66c311
cds_era5/1985/global-1985-precipitation_type.nc, SHA256, 91c13f116f019754f6bdfc5ed7e2f10c8df7983844bd6fccd90e793e2e08f360
cds_era5/1985/global-1985-surface_pressure.nc, SHA256, 75b0715f987fbd93105d5976e2ecda05a038a3119da421f746e03d22ec3ee41d
cds_era5/1985/global-1985-total_cloud_cover.nc, SHA256, 91db36094c836770b6e7d32998fae704a5f66227bf0d473f66f2ff6825fa16dd
cds_era5/1985/global-1985-total_precipitation.nc, SHA256, d6e16252bf3a9ff78a51c10095f72e030077ce47356232e484ce4d74e5de75bc
cds_era5/1984/global-1984-10m_u_component_of_wind.nc, SHA256, 2e6858bd708e27db0a9969b2b29dd0241d92587d3586c5015aa564c928a262d0
cds_era5/1984/global-1984-10m_v_component_of_wind.nc, SHA256, 1f3f12f89b3c2842043c6010e62ea63fee3bfb8f39b3b9537ea7ba5a0b7b70c6
cds_era5/1984/global-1984-2m_temperature.nc, SHA256, 36ff1114885953b873fce227549092092a8b3e54aa9304923b3ce06bda0bd573
cds_era5/1984/global-1984-2m_dewpoint_temperature.nc, SHA256, 8391357fd51611bf798af8a102fcae86ab97bd811285e2c240ec77b31a1b36c1
cds_era5/1984/global-1984-cloud_base_height.nc, SHA256, a75eccd62ea3da091602e8434879788ca2ae29fc2d66e3a554b68025b32c4bf3
cds_era5/1984/global-1984-precipitation_type.nc, SHA256, c0b0165cc44ae2b36d4d6b0da4ab1b0ebfe9c5b940160b5182cfca96350986ac
cds_era5/1984/global-1984-surface_pressure.nc, SHA256, 03576445b5f231c684fdbfb840d1ab14b7dc32693b9254bca3e2b652f3124dde
cds_era5/1984/global-1984-total_cloud_cover.nc, SHA256, b712d4bc4ec5af509c044fd972100b03fffa57558130474537731dd43ae47fe5
cds_era5/1984/global-1984-total_precipitation.nc, SHA256, 3129722b3c590e1d65ba92491027d1fb2046415fe27891269d15fd5d8f6cad90
cds_era5/1983/global-1983-10m_v_component_of_wind.nc, SHA256, 5764818573b93aa87ca4c1f4d0636b16c077c97b208e9cc418d1144b4b442d2d
cds_era5/1983/global-1983-10m_u_component_of_wind.nc, SHA256, d8ef149a3ad194b43f2e7c425a10f3d22f57ef615cdfd239a8109334e0bc94fa
cds_era5/1983/global-1983-2m_dewpoint_temperature.nc, SHA256, 6b5a582ca1d864b14d01efaae0bd45a8fd0e77f7473ec126b348ca3ed7f1540f
cds_era5/1983/global-1983-2m_temperature.nc, SHA256, ae8868b4c6bc92ed0a5697eb56bf0bb47fc5ca06f9c510c6bb39e35cbc9476b7
cds_era5/1983/global-1983-cloud_base_height.nc, SHA256, 734f1ee86e271facef8867c5d701aca644a59ed2abc79337f235fde8a72c3c56
cds_era5/1983/global-1983-surface_pressure.nc, SHA256, 222fdde44a75bc20d5fe09af69a2a13930ad0f02566674415d6198253a361c27
cds_era5/1983/global-1983-precipitation_type.nc, SHA256, 9e7f16b911342ef0e9b824c9a6af2197e5d5c693d2d644f7d587dc19a4a0db83
cds_era5/1983/global-1983-total_cloud_cover.nc, SHA256, 367ae68a5bc875b12c1f7ee922e016362d7cc853d9d49e22a53ac1aa52f876f6
cds_era5/1983/global-1983-total_precipitation.nc, SHA256, 1f333b373d269af9fbbec7cc8c9c24d21305f994d433002a05bd185e59a44796
cds_era5/1982/global-1982-10m_v_component_of_wind.nc, SHA256, b72f69556213783283ad1a83611f3cde93cab34a6bb799048821a896dab3fd12
cds_era5/1982/global-1982-10m_u_component_of_wind.nc, SHA256, fc2b0fbc7398d869f7c5fad512df79ca075c3d61ade530e1da5248917afd26e6
cds_era5/1982/global-1982-2m_dewpoint_temperature.nc, SHA256, ca9981fb9837acbcde65c0f2ae872725622aa4e3f2e3882e074ee30014e49cd5
cds_era5/1982/global-1982-2m_temperature.nc, SHA256, bfb26e9b4d8b457fbb2915a48abfd1897abe6915ed3a24b5b5da194a3fe5843c
cds_era5/1982/global-1982-cloud_base_height.nc, SHA256, b75da5cba534b212805185539078c3c0d279e8f12c18c99add4270482c6c7391
cds_era5/1982/global-1982-precipitation_type.nc, SHA256, 4c01fb51b1f06bea8347dda9ad43bd6d6b0595ae4f1307fa6906cc189903b2f0
cds_era5/1982/global-1982-total_cloud_cover.nc, SHA256, f3fecdef67b14d62a1c64afebb76c7b32f3da8b26bc16388162960c7c25b6e8f
cds_era5/1982/global-1982-surface_pressure.nc, SHA256, 9debfa71723c8921383de77b19c78772bcbe062f58786567656e56638a48bfbf
cds_era5/1982/global-1982-total_precipitation.nc, SHA256, 1ec6055171cd3e78326bad9f681587ef953a9062124264c599a909c54e0152d7
cds_era5/1981/global-1981-10m_u_component_of_wind.nc, SHA256, 6e071439391d7524743e4ee5414d21feb4dbc071827202d84ab548287ef16774
cds_era5/1981/global-1981-10m_v_component_of_wind.nc, SHA256, 02fac001a836ec5a7e41e975f2a656504989c774f44e23a03cd5959e1f13ae5b
cds_era5/1981/global-1981-2m_dewpoint_temperature.nc, SHA256, 1f731a455efa416b33bb7bd41c91c15dd4de3c4670fe2a8898286e85e401afca
cds_era5/1981/global-1981-2m_temperature.nc, SHA256, 3cbd0a25c7f862a6b32d33e339a127165ef844eb568976cceed8bb35b01ea58d
cds_era5/1981/global-1981-precipitation_type.nc, SHA256, 77a85a86c6653e05099d8c964d387b83f771741942a6e8c463df6015b87bcb92
cds_era5/1981/global-1981-surface_pressure.nc, SHA256, 7ba4fcfad54980d61729ac874fb2ca5d46c1a2a64e7bab155d205c18c6a5df3e
cds_era5/1981/global-1981-cloud_base_height.nc, SHA256, 2731c3cb4f46637e610bfec1f237ca82e65618c3c595fb9734614b7047230e65
cds_era5/1981/global-1981-total_precipitation.nc, SHA256, 31257710d2a4680ba5661d16413f4d8d6fd107bbeb2595c9a99d55d207b7519d
cds_era5/1981/global-1981-total_cloud_cover.nc, SHA256, 555428f35159ac0f299bf36b5992a4743690f701f60f33abab02ce5b812b02c0
cds_era5/1980/global-1980-10m_u_component_of_wind.nc, SHA256, 2f723a5e8f7e70b1e9793612c7c04d6e914bcb300b6a924b937db9973682195a
cds_era5/1980/global-1980-10m_v_component_of_wind.nc, SHA256, 757a737b8e489c355870966c632b1589f0e9ea1002e3313ade8c7e001fe8ecbc
cds_era5/1980/global-1980-2m_dewpoint_temperature.nc, SHA256, 972f7c85df384ae3c3ba2ffe224e409c14726d6a7a6f3b6ab02407e29bdc91f7
cds_era5/1980/global-1980-cloud_base_height.nc, SHA256, 4f2ca6999e45c3886e335fd1bae693801e3481e4f5a6888391156df78a6a535d
cds_era5/1980/global-1980-2m_temperature.nc, SHA256, c38f37a3d11777062bb98bf427c76dcf25a02ed6259a27abb815516a9e0008fb
cds_era5/1980/global-1980-precipitation_type.nc, SHA256, d78f5389d592317872e52f89afe9ee8c0af176ce42bf0a6374383b616f23a55a
cds_era5/1980/global-1980-surface_pressure.nc, SHA256, f8f1673b3992a454f26d6c0b71eb69298037947c2492a50289cd291b38e70fd0
cds_era5/1980/global-1980-total_cloud_cover.nc, SHA256, 45c39688aeb36cfe5d164228dd9514d6c960430af9dc4744243427ba188d4127
cds_era5/1980/global-1980-total_precipitation.nc, SHA256, df17f4cf1e3465b180a2cccb9b83682982269a058b0ba3520504ce95293889d9
cds_era5_backext/1950/global-1950-10m_u_component_of_wind.nc, SHA256, 05f2407e44282ead0eb17d5f7d431b258eca81bf5805216bc3aa9067e572b15d
cds_era5_backext/1950/global-1950-10m_v_component_of_wind.nc, SHA256, 86c580af09a40f4eef94d49cde5b16fd7eddfaaab1dcbede934a0a3d6cb70232
cds_era5_backext/1950/global-1950-2m_dewpoint_temperature.nc, SHA256, d168f766bee00492e88259e75f3c93cee4c31683a9c02e4bed9439ea1f67d904
cds_era5_backext/1950/global-1950-2m_temperature.nc, SHA256, 86bf70de2b9bdd791a0967b0f0bce1fd542a6b54b00811167c8430b02d488565
cds_era5_backext/1950/global-1950-cloud_base_height.nc, SHA256, 23fd8eeba247dc47bcdc2d0a20a84d65334ab719ba1693ef19428a00424a6b27
cds_era5_backext/1950/global-1950-precipitation_type.nc, SHA256, f932f2a9b6abc7cd762ece70c8054b508e41468bcb0475dfeda861b235f23916
cds_era5_backext/1950/global-1950-surface_pressure.nc, SHA256, a39c2895be21d2db716e01b1b98824ac64e1d1d216f0536a4716b3e6ea85b37a
cds_era5_backext/1950/global-1950-total_cloud_cover.nc, SHA256, 5af9f828058efc18e8fa2050de57335113c149e4b46e81c3b3645e7898009a02
cds_era5_backext/1950/global-1950-total_precipitation.nc, SHA256, 206526c5c8103ad74ef7adab4781a6bd45c1d1d2d27b2e62887b20b19cf1881c
cds_era5_backext/1951/global-1951-10m_u_component_of_wind.nc, SHA256, c0cd4090874f3df37697c4fbc9d258ae513a9d7a5882f3c9dca9403f05c499d1
cds_era5_backext/1951/global-1951-10m_v_component_of_wind.nc, SHA256, 63297338417188c1bfeefed67f722c1891fbc8d0a1af9a6921375867a323f05f
cds_era5_backext/1951/global-1951-2m_dewpoint_temperature.nc, SHA256, 152b25288b80fe1c040de47f96ee678d4c3ed1f9518ea8a62dfcd41d18baf6d5
cds_era5_backext/1951/global-1951-2m_temperature.nc, SHA256, 8f2d4ddace1f5cd5ecc6343e477bd7bf032c7f20d17e1cf75f2ebe8c918ad868
cds_era5_backext/1951/global-1951-cloud_base_height.nc, SHA256, 02dba741874ddab63847514872a4954c640f97dfe67efb35ff3f2d38f6d4624a
cds_era5_backext/1951/global-1951-precipitation_type.nc, SHA256, 3aec4a69d349c0a4c74096993ce8e38009af2b39614444aa8a4f82605a413b99
cds_era5_backext/1951/global-1951-surface_pressure.nc, SHA256, ff6dca44ca7b67e77778f19cc241622f53ffa97b6f04e854de90273620bf8e47
cds_era5_backext/1951/global-1951-total_cloud_cover.nc, SHA256, 7139809980160eb34af990040ba9a6f0b1802fcafb64e14eb397e31e69621cf5
cds_era5_backext/1951/global-1951-total_precipitation.nc, SHA256, 4a83e9d6ad876455c7404277e253d8630f2eb3999fa4cc120fe81d7e0e3430c2
cds_era5_backext/1952/global-1952-10m_u_component_of_wind.nc, SHA256, 0271e3c2b74f14889b504b7cbf6dcc807ecb455dce7aca401dedb2dc1b422a46
cds_era5_backext/1952/global-1952-10m_v_component_of_wind.nc, SHA256, cf9c718b828e6002771ac983c2bdb6b02e76acd382191fb21dd40670f61056c6
cds_era5_backext/1952/global-1952-2m_dewpoint_temperature.nc, SHA256, 423f74caa4eb3759e8e7d4a73b6b2b59525a807b2b01f1dae55a6263e0adc9b5
cds_era5_backext/1952/global-1952-2m_temperature.nc, SHA256, b3f8a2e6508047efe9e3b606ae078cf1906e8b05c5ccc88e16607b852844b341
cds_era5_backext/1952/global-1952-cloud_base_height.nc, SHA256, 321d8da25b240d41ebc2f84bb527a183c94c741b0d85405695c51215aacbce57
cds_era5_backext/1952/global-1952-precipitation_type.nc, SHA256, 90014958516614749190aa1d4375666b4f6e1826eb6ab74f4c7be1a4bf4c693a
cds_era5_backext/1952/global-1952-total_cloud_cover.nc, SHA256, 87376373243ca94a5b70dc70235011c44d0510bec91a04bc899d76f1b06ead4f
cds_era5_backext/1952/global-1952-surface_pressure.nc, SHA256, c30e16bd721f8e0e8c4a33f68d1e34189781cafd761836818a06c491218ac4d6
cds_era5_backext/1952/global-1952-total_precipitation.nc, SHA256, 02ce24dcffd181863e816044f42712b72b51f4ab93eb82335b49b265d1c0226c
cds_era5_backext/1953/global-1953-10m_u_component_of_wind.nc, SHA256, 63169546a2b5ae443f847351ee95993966cf876cafff535b8da50accfe848956
cds_era5_backext/1953/global-1953-10m_v_component_of_wind.nc, SHA256, e93c4c517b5272fdfadeca3584be102221a9ac8012ae7e81ec6faa593d336aa2
cds_era5_backext/1953/global-1953-precipitation_type.nc, SHA256, a5957735cb7043884133779202695996834708a291647d0da80de431f61da5ea
cds_era5_backext/1953/global-1953-cloud_base_height.nc, SHA256, cc5899c0636590ccfc887fcfc76c1f23936ef74ec640c5ef32f30e0acd75cb31
cds_era5_backext/1953/global-1953-surface_pressure.nc, SHA256, ea25d8a0245da1552a19e6c48f29c61a51b22f95e4cbc2dd519e03aa0718a7f7
cds_era5_backext/1953/global-1953-total_cloud_cover.nc, SHA256, 7e074c195cbc8d08fa4dd922884ec354d04893f3beb40f0a8a4154dab535c901
cds_era5_backext/1953/global-1953-2m_temperature.nc, SHA256, 9ac6b7d7d1314d26d082ff89da5cdd6cf27d900c0305f4616d98f75975d7b45a
cds_era5_backext/1953/global-1953-total_precipitation.nc, SHA256, f1702cd09b69849666c2bdcc6c70f8fa91ffabf1571bd58a4b902c0645399703
cds_era5_backext/1954/global-1954-10m_u_component_of_wind.nc, SHA256, 7e350937ff45375ea14a672c778a1f36a5ad23a12f1eac64027c6a4db419152e
cds_era5_backext/1954/global-1954-2m_dewpoint_temperature.nc, SHA256, 4582068bed39a9525b12736e6e66f7fcc50e5e67afc27b3c1fcdda87caae8fbd
cds_era5_backext/1954/global-1954-10m_v_component_of_wind.nc, SHA256, f63b307b3b2af8686eba4365b5a04db12e704134099f494bb0c5725a9422f3a8
cds_era5_backext/1954/global-1954-cloud_base_height.nc, SHA256, 44cfa4a41237f611dc075179f3501ecda7ea5176855d9cdbf20956475d553228
cds_era5_backext/1954/global-1954-precipitation_type.nc, SHA256, c3b88393d6764e0ad0a544fcb420771ad3c2ead5fb04608fb0e535dd6dfcca8c
cds_era5_backext/1954/global-1954-2m_temperature.nc, SHA256, e84fd786d2236289bef1866fe5b524f6e6805d6666a0c0ea08dea1b1cd5b2fcb
cds_era5_backext/1954/global-1954-total_cloud_cover.nc, SHA256, 841de12098efe60bc1cdfd36a6ec690747ff6c7d1831a066b1b844e0d452049b
cds_era5_backext/1954/global-1954-total_precipitation.nc, SHA256, 419fe48a566c88a802b08559700ef80f6dd1ae6a83739a889ff3fa6292e266fc
cds_era5_backext/1954/global-1954-surface_pressure.nc, SHA256, 22b62c4bb736af026797e66fa4a27694a519a3947a673ea6ab03224419a30d1e
cds_era5_backext/1978/global-1978-10m_u_component_of_wind.nc, SHA256, 5104a9924a8c33898bd2899802e35c270d07305f611a721be3ac2d6231e4883f
cds_era5_backext/1978/global-1978-10m_v_component_of_wind.nc, SHA256, 3e66856904a6fbe4c38fd1d62b81026aad25a6c751606de702e68a4b15c1c060
cds_era5_backext/1978/global-1978-2m_dewpoint_temperature.nc, SHA256, eeeb89636a22019da0ec63f7eef9bfc3eb0f58e243857462e1b2eba5bf63ff50
cds_era5_backext/1978/global-1978-2m_temperature.nc, SHA256, 0eeb8188f82130339fc0fff83b00159d0f1f05409ba0fb75cd3db346a5669963
cds_era5_backext/1978/global-1978-cloud_base_height.nc, SHA256, 1a2d4c962eceef6e85782eeb4fd8518097b2dd034352cee42ec37ed54c199960
cds_era5_backext/1978/global-1978-precipitation_type.nc, SHA256, 4419bffa8db117402a7f49847c83f17c98e10429557f24376fd798f702172cd3
cds_era5_backext/1978/global-1978-surface_pressure.nc, SHA256, 83a086ace8bb43b1030a0096a453a553857ce027bdf1fc6d65f958cc72319cb2
cds_era5_backext/1978/global-1978-total_cloud_cover.nc, SHA256, 344c035a049277af0df11737113643c5a5ee977e9c27174bc745fbfe2fc107ab
cds_era5_backext/1978/global-1978-total_precipitation.nc, SHA256, 58119f875a55ae075f1fb255dcd47718c33b93d544a43e631eaf58803858556a
cds_era5_backext/1977/global-1977-10m_u_component_of_wind.nc, SHA256, 5f23a3222f1a7db7e7415c3638c965a3f756d9b577d0cfc7029c59befc7aa044
cds_era5_backext/1977/global-1977-10m_v_component_of_wind.nc, SHA256, aed59e5a40cbe67f19e59c826fe8cfb2df8bbe23202df58b312d0d0b4d0ac687
cds_era5_backext/1977/global-1977-2m_dewpoint_temperature.nc, SHA256, 4598e0fb3e506882d11edf2cd1b7d7696b9c1218bd6908690e6b22b4dddb932f
cds_era5_backext/1977/global-1977-2m_temperature.nc, SHA256, 13ab16a83cbe1df192af27fe19a00e8b48e1051264e6d34a0ba92ed447158fb9
cds_era5_backext/1977/global-1977-surface_pressure.nc, SHA256, f83f595604025e512b381b0aa4b80226a0ff88be006e0d99fec1b41104db47cc
cds_era5_backext/1977/global-1977-cloud_base_height.nc, SHA256, e208c1572da6074ee216d229adb9c2471a31a7aa2710cebfe369a235910ccabb
cds_era5_backext/1977/global-1977-precipitation_type.nc, SHA256, 0b24d98bc4531adececf8aa3c40c5eb69b933ebd7e209e7e7d395a41459af6dc
cds_era5_backext/1977/global-1977-total_cloud_cover.nc, SHA256, 169084fd89a7ffb92106109e14fdd408bb46105bbaeb0f69755041cb770a324c
cds_era5_backext/1977/global-1977-total_precipitation.nc, SHA256, a890793cb6aa5b564e788700aa0ec85f3d1134db1bec4932cb3121936f6aa34f
cds_era5_backext/1976/global-1976-10m_v_component_of_wind.nc, SHA256, dfc5970a8d096d4e4b6a25a1b44f331474224eb9f06c1ae4f11aeb637f8a2374
cds_era5_backext/1976/global-1976-2m_dewpoint_temperature.nc, SHA256, 1ffead8e0a73adf4afee1359895ff7b85254b7fcf1d521ad80626eb475b2966d
cds_era5_backext/1976/global-1976-10m_u_component_of_wind.nc, SHA256, 1a8d13df3f65fda1d3ba65fffbb05743a99c0b7f7eac801065781d74062f2f18
cds_era5_backext/1976/global-1976-2m_temperature.nc, SHA256, 9a620afc2093979a94ec9b34389008b114f124936a5bce1cb3642fe8540d1f16
cds_era5_backext/1976/global-1976-precipitation_type.nc, SHA256, 5a00b9a9a7f42e2f54f96e308ffa853cb6403f7659fc9c80e53ba7a739591832
cds_era5_backext/1976/global-1976-cloud_base_height.nc, SHA256, e2aebafb4289ca14905035fbacb58e0b63e31cb07356d400d6e2937668a8a140
cds_era5_backext/1976/global-1976-surface_pressure.nc, SHA256, c7701ea8a9372e623f7643bae5fb0169e6ed313feb4bb06f134a0c1e238bb6e9
cds_era5_backext/1976/global-1976-total_cloud_cover.nc, SHA256, 81aff7ced8be28a39f45702adbc0a0c5958519a425940a12184adf2e455cb50f
cds_era5_backext/1976/global-1976-total_precipitation.nc, SHA256, fc3c2171fd6346111115d88504438efab4b9da3dd4dd41fc54c704044a6c4f0f
cds_era5_backext/1975/global-1975-10m_u_component_of_wind.nc, SHA256, e9311a0184a9af981e24d1a66816a780cb774ad534ca41a2af8b7f5b9e3e5bd9
cds_era5_backext/1975/global-1975-10m_v_component_of_wind.nc, SHA256, 885d2636366b429950bb458f8746f681215d9a083694715732e2e8cd4ad81660
cds_era5_backext/1975/global-1975-2m_dewpoint_temperature.nc, SHA256, 8754eb6c44c1b0661888e21f5c10bfc9af4bc91cf84921a496616364dfe8d55b
cds_era5_backext/1975/global-1975-2m_temperature.nc, SHA256, 7ed7abf747770e8fa0b19655e4b90a234936b1d8a5528d396e28e40f19ed11fd
cds_era5_backext/1975/global-1975-cloud_base_height.nc, SHA256, c68c772f1bcb9b55b36652b9a829f02747ad0601d50228a9d5bcd6ecb657c74d
cds_era5_backext/1975/global-1975-precipitation_type.nc, SHA256, c58e0e269e5d23feb0a5dd134c499c332afb7a0451c834aac14a6998bae76515
cds_era5_backext/1975/global-1975-surface_pressure.nc, SHA256, 58774d1bf35b7e8b63b2431a6919b059aff6fea87d1bcec84b3531c81cb26fe2
cds_era5_backext/1975/global-1975-total_cloud_cover.nc, SHA256, a72f31e9e390139b9907d0a899f39329720429fa0d2cac47d07e921429cb81eb
cds_era5_backext/1975/global-1975-total_precipitation.nc, SHA256, 9b14682213aab1760bb3203618038585fdad70da8cca6a28bb7707060e034f60
cds_era5_backext/1974/global-1974-10m_u_component_of_wind.nc, SHA256, 6d7573ee7da1170175ff5ed5f982a80a65203079ccfe2ae1ccf1072596162a2e
cds_era5_backext/1974/global-1974-10m_v_component_of_wind.nc, SHA256, 3559de69ac8dc3eecc11d5820ef335b818dfc698c602819f2a934593b8e0744d
cds_era5_backext/1974/global-1974-2m_dewpoint_temperature.nc, SHA256, 4411ad9c953d72ec899d3c5ac96e414aa1d1914b4200ccd5822848c864fe10cc
cds_era5_backext/1974/global-1974-2m_temperature.nc, SHA256, a9464bf333795575127ab6df2eea469caf20ef33adbfb96dd98650d861aa6a70
cds_era5_backext/1974/global-1974-cloud_base_height.nc, SHA256, 7f65f504ee96bcc135f041a84c2f121fd77739e947730804bf0f70306bb6ae9b
cds_era5_backext/1974/global-1974-precipitation_type.nc, SHA256, 69bc29ea9fcb074f740cbbc3ef94af307a5e43b2f14969f99f3ca3dc7562604a
cds_era5_backext/1974/global-1974-surface_pressure.nc, SHA256, c7c28bcae101a326917fbb6fbd95e787a228c6f4d78799e2bfe92a381059b690
cds_era5_backext/1974/global-1974-total_cloud_cover.nc, SHA256, 5222fe982e26cb68fd5775591796cd051da2a2a5c455f8a365f966bde5bd7e9b
cds_era5_backext/1974/global-1974-total_precipitation.nc, SHA256, 1e58c1ef4de5c174c9037d04d5e6dc77071b5e900b1b09d86d54db436b3823fc
cds_era5_backext/1973/global-1973-10m_u_component_of_wind.nc, SHA256, 0b61a61aa7fb7054484c5a0eebc90499c1a0a23c96c12c93d1fa9c9f0015147a
cds_era5_backext/1973/global-1973-10m_v_component_of_wind.nc, SHA256, 1268aa3d33a9b10c2d6a2e3ff8c9bef957c49491306f298a0912723b7fb75911
cds_era5_backext/1973/global-1973-2m_dewpoint_temperature.nc, SHA256, f161d328a8940f7331219dd8f06f68aee8647160e7f5593135a31c6b99ef865a
cds_era5_backext/1973/global-1973-2m_temperature.nc, SHA256, aa83d0237efae8fcb20f3fb170aeb6e2f5eb99b825e24163e4bb8c6ef1728bc3
cds_era5_backext/1973/global-1973-cloud_base_height.nc, SHA256, 96837b0025718e88f4add6621ce025786d1ba27a87d27ffec381830dc1827b75
cds_era5_backext/1973/global-1973-precipitation_type.nc, SHA256, 13e63cd37336f1c37201d19bae920f8237d535e7a5fbef3428c3c1d9f9129736
cds_era5_backext/1973/global-1973-surface_pressure.nc, SHA256, fcdda353c7ac34e0ba4eb784327d7790c785fe89c9ed7522a28c86c5d2552de8
cds_era5_backext/1973/global-1973-total_cloud_cover.nc, SHA256, 78793bf7e97cb3aad1db19920c30e97a402ae2bdc46ae0c5c3e0eede7812118d
cds_era5_backext/1973/global-1973-total_precipitation.nc, SHA256, 1c46c69d0824eb59d00908838f92694df55cc89aa95e0d0e4697c8969d061b3e
cds_era5_backext/1972/global-1972-10m_u_component_of_wind.nc, SHA256, 2e7914ed28a1ca02339de5f464527d04457e6ab56d9964825f41fca8efaa04fc
cds_era5_backext/1972/global-1972-10m_v_component_of_wind.nc, SHA256, 988abf3ff1100b7ec06703e2e11127e58b5074705d43e80e36070dfdb77bb9cc
cds_era5_backext/1972/global-1972-2m_dewpoint_temperature.nc, SHA256, d835d3c61958442177f3b3533f03d8b9ccfd7bcb51e4a2ac31a6bdfaff608ba5
cds_era5_backext/1972/global-1972-2m_temperature.nc, SHA256, 60c90e82ea7fbcfe95b83c81186842928ca9d77aa15f5bf118637af43f504012
cds_era5_backext/1972/global-1972-cloud_base_height.nc, SHA256, 244e39e8163435e8b20199eb0e548407e5876508f973a600a7287f852878b749
cds_era5_backext/1972/global-1972-precipitation_type.nc, SHA256, fb22a440fa33970a7c6bf9c0ed679b0dfc1c22d2be5c50e449446d51f943a744
cds_era5_backext/1972/global-1972-total_cloud_cover.nc, SHA256, f55a99018a353e4a6524cc3b2c031d12ea6961f2d5cfbe2c2596bfff0d340098
cds_era5_backext/1972/global-1972-surface_pressure.nc, SHA256, 5591c15cdfd8524baa6cf1ecaccea27f742503b578263990f0ca68ac32ed7f2e
cds_era5_backext/1972/global-1972-total_precipitation.nc, SHA256, 76cb21c23b3f8522fbd0e02a94ed1a5c7162845fd453e8a6167b3a56aad3d14a
cds_era5_backext/1971/global-1971-10m_u_component_of_wind.nc, SHA256, 75ae16eec7cbb0fb853589e257fe5edb58b57c3089969adce577b1e16330574a
cds_era5_backext/1971/global-1971-10m_v_component_of_wind.nc, SHA256, 4138ff21752bb68edcbaeb3e30719841eb20a573f813f049cef94847e4dd68a4
cds_era5_backext/1971/global-1971-2m_dewpoint_temperature.nc, SHA256, aaa470b564b87471d23824fb003b5d9daff467eb6dca9f7bf8f615c6a92a2d54
cds_era5_backext/1971/global-1971-2m_temperature.nc, SHA256, 50dae17f7f8d85759952fa124849537385f84a82eacf1e79507aa932f1c7b16b
cds_era5_backext/1971/global-1971-precipitation_type.nc, SHA256, 114baf62c52e32aa2ef72ea32bc9bb16efa2be5fb9749666a8d7b56343bb3e9d
cds_era5_backext/1971/global-1971-cloud_base_height.nc, SHA256, 598b7e3d89bbe87132693400f3021580401d9ed6f75a23efd15fe795ec952aff
cds_era5_backext/1971/global-1971-surface_pressure.nc, SHA256, a1a2190253c81f1eb07c15549fb85529d66897d2a53c867032c4c0b003719fe7
cds_era5_backext/1971/global-1971-total_cloud_cover.nc, SHA256, 4112b25eb5882c1ffaab5e23e3048993375a778b6e2ae5cc6ebc8ddea575dc58
cds_era5_backext/1971/global-1971-total_precipitation.nc, SHA256, 5534bbe1e79551196bac376c9a8833a5ac3a591cf28c862f0cf5f403f723c00d
cds_era5_backext/1970/global-1970-10m_u_component_of_wind.nc, SHA256, cff65e6b481dc500df012af291636b62edde4c03855f3c75f4c1395df7ecc85a
cds_era5_backext/1970/global-1970-10m_v_component_of_wind.nc, SHA256, 566f685c0afafa1c0d2b1d5d454c8d5e76afa13dbd9b5f2cae7e9f279b57bf84
cds_era5_backext/1970/global-1970-2m_dewpoint_temperature.nc, SHA256, 29facbf8bb8585caaafb031d38d052fc9f6979800ff6fbfbd64a41957c7ef34a
cds_era5_backext/1970/global-1970-2m_temperature.nc, SHA256, 9cce0d55fa2a0723db3fc2d03d7c40f50ac545fc1c285573353c021ff487e45c
cds_era5_backext/1970/global-1970-precipitation_type.nc, SHA256, b83a2eb42b3fae62f56081baa2715922cd68b4cea4b804760ad51d3ff37f9f52
cds_era5_backext/1970/global-1970-cloud_base_height.nc, SHA256, d9477351d56d551ac45935a12fc4bf0acb2261c1c83d7c35494be85947219f87
cds_era5_backext/1970/global-1970-surface_pressure.nc, SHA256, dec6124477b1c8058895246660b0beec31ecbb13d264af4c60f33ffd410530d0
cds_era5_backext/1970/global-1970-total_cloud_cover.nc, SHA256, ee4cf1c1726a7c5dcab5cd8ffae7031e6b1059963ac275b355261bc7c9ba3193
cds_era5_backext/1970/global-1970-total_precipitation.nc, SHA256, c5cf85d14f604d64d7cb015288fa4206d5a47ef316c4b758cdc21762174275ab
cds_era5_backext/1969/global-1969-10m_u_component_of_wind.nc, SHA256, 280f90f496cd3d5ea9f3e03ada35007936bdc8f0cbbef190e1f88172d705a306
cds_era5_backext/1969/global-1969-10m_v_component_of_wind.nc, SHA256, 847a132534406f8ea3f9d7f7e97d522bd9cc0388cc4c9c52dc387136482b4029
cds_era5_backext/1969/global-1969-2m_dewpoint_temperature.nc, SHA256, 788e251fa0d507e65ff920a6fab35c21978fbaa486eedc6d443dfe1c048d36f2
cds_era5_backext/1969/global-1969-2m_temperature.nc, SHA256, 6048c80da5ea27289ad780cce92df19332cbd64b88dfe7a5305a1e85bd31f1c9
cds_era5_backext/1969/global-1969-cloud_base_height.nc, SHA256, 81550d6f9f401d042f546022858a7808ada10534a7a72b25aec90dd536f04f8b
cds_era5_backext/1969/global-1969-precipitation_type.nc, SHA256, eafdf9ed5b271a99a725e095f0f4ab6b2e53e2038ee4221247ae5a2b826dea74
cds_era5_backext/1969/global-1969-surface_pressure.nc, SHA256, e9d1fa6d36a908817955750d8b254ddb69b03cc676ddd7c96ce9f9d1a7200ee4
cds_era5_backext/1969/global-1969-total_cloud_cover.nc, SHA256, 5d2378f3bd18d0cbc04cb34ed8aae60a3ed0c7f425befae0207ace9a999aa4f5
cds_era5_backext/1969/global-1969-total_precipitation.nc, SHA256, 9629c80af0350487f9e3327bb2364c5fe3a19cd4f207787056853d2790c8bc6a
cds_era5_backext/1968/global-1968-10m_u_component_of_wind.nc, SHA256, df17352e6c1c3078c8663a7c18c02464d4035e75f42025221107913758e243ae
cds_era5_backext/1968/global-1968-2m_dewpoint_temperature.nc, SHA256, 3edf3e119e5b965da7871bc7e1154f2b40201dd94f8429f802086fe6e0e8a358
cds_era5_backext/1968/global-1968-10m_v_component_of_wind.nc, SHA256, 01053e3114d15dd2e1c1a5c4715f51d103f56dea2eac904eca8a4a3878b35633
cds_era5_backext/1968/global-1968-2m_temperature.nc, SHA256, 5a14bd8717db54ea5c3b4a9cbb793e8cf70bc513b9dd8e501a45a59427f6843b
cds_era5_backext/1968/global-1968-cloud_base_height.nc, SHA256, 30617aa97fb1611854c7cce67de5c995bb3057c71dc424f3907a9aea66fa27a4
cds_era5_backext/1968/global-1968-precipitation_type.nc, SHA256, 99aa125c55e6cb3298eca67518c798cdc1bc050448c1f9055d9aabedf77a0358
cds_era5_backext/1968/global-1968-surface_pressure.nc, SHA256, fca3d9f99bcd2024977e2266e220360a6a9a51361c9a51b32c24c6d24654432b
cds_era5_backext/1968/global-1968-total_cloud_cover.nc, SHA256, d7677c268212c6cb5c764e6cd7faa8724337d18161caeece968ef5f535a214ad
cds_era5_backext/1968/global-1968-total_precipitation.nc, SHA256, e446520c927badf8f71c4d516fe3c4be639664e457e82c1d1a15c255cf439bf0
cds_era5_backext/1967/global-1967-10m_u_component_of_wind.nc, SHA256, 9c505ac98dd656c18eecc55f7f77611f4225a31bda2342bf020d891e59c6ec5e
cds_era5_backext/1967/global-1967-2m_dewpoint_temperature.nc, SHA256, 7cf56080fcb0b5f505945a43ada92099908b3ac5a3263efff043d6e0aa9ea4ac
cds_era5_backext/1967/global-1967-10m_v_component_of_wind.nc, SHA256, 3d7efa07e47db36533d252dd59e29fe63ff8fd103260f3be0543eb1d5876d045
cds_era5_backext/1967/global-1967-2m_temperature.nc, SHA256, 2f192d16f402835f9a98f051e3aedc3816f19d6f6cf265c8b1a972ace922594b
cds_era5_backext/1967/global-1967-cloud_base_height.nc, SHA256, 6c6f2d01e152a75cfeca9140dfda56109619582b4407155829279879f798fcb0
cds_era5_backext/1967/global-1967-precipitation_type.nc, SHA256, 13a00bc97059f62f71738ae3eb162cb6a1403670d48d64451129eeeaecbec39f
cds_era5_backext/1967/global-1967-surface_pressure.nc, SHA256, 769770d158e74d369b73fd321f16d3491ff1f985453897bff29c49a6970eddf2
cds_era5_backext/1967/global-1967-total_precipitation.nc, SHA256, 11a84ee0766a6dc9b11ca8cdf24694f399adaf6bf89ccfb94f067f76a6c30ae5
cds_era5_backext/1967/global-1967-total_cloud_cover.nc, SHA256, 646ade9c3c7bf7c369687883dd4f1ccbc46a3343f2af1fa5efd87603d1ffaae6
cds_era5_backext/1966/global-1966-10m_v_component_of_wind.nc, SHA256, cecb1a2b9a5f3738f023d301badcc9dd9268f94ebe164c0f2b4309242e219919
cds_era5_backext/1966/global-1966-10m_u_component_of_wind.nc, SHA256, 85843d996b97c1142a7bf3328e6006d976f5a8177b8dedc36bc6acde1d3902b8
cds_era5_backext/1966/global-1966-2m_dewpoint_temperature.nc, SHA256, 5d73cdb81f670a645bd27a3ee911b738e529c0dc9fef387eabd9dc39cef28ecd
cds_era5_backext/1966/global-1966-2m_temperature.nc, SHA256, 521de5e27e70f175edd104f96d8510330d05114db8c2777c72d2a7aa324c7e29
cds_era5_backext/1966/global-1966-cloud_base_height.nc, SHA256, 0ca9817f2b0a22f66811fed5d615ad2f3bf403933167e3156e477835de535300
cds_era5_backext/1966/global-1966-precipitation_type.nc, SHA256, ab15b74e440c458bf38c9e8fb3c61ef88e7b5a62523561a4c2630d384bb9566e
cds_era5_backext/1966/global-1966-total_cloud_cover.nc, SHA256, 33de82221eda4c510a91ca3f3f6c7661f7fcc25b60ad9e0abe5e953efc978aba
cds_era5_backext/1966/global-1966-surface_pressure.nc, SHA256, 19516ac7392385456e587c2bdc3db0f4f8c6f5dd6b3f8aa7ec962f5a31c77c06
cds_era5_backext/1966/global-1966-total_precipitation.nc, SHA256, 29dc5f8fd795a77fe892ce80efde10a46456ddd161f6751e8d62ed2e243b4296
cds_era5_backext/1965/global-1965-10m_u_component_of_wind.nc, SHA256, 17852d7c2d659383c4b2edef426c3eed66ca77bc81c1cfc735ff64f79abd15ec
cds_era5_backext/1965/global-1965-2m_dewpoint_temperature.nc, SHA256, d7fefa4e67ebf46c7344758c2aa571df7ca5af4c8b43003ab60bcd98d1df3a42
cds_era5_backext/1965/global-1965-2m_temperature.nc, SHA256, ae5d7470334806dd0e01e923fab1d151859633595e8f62dbcf5198e9146dc757
cds_era5_backext/1965/global-1965-10m_v_component_of_wind.nc, SHA256, d41b31702c1b81bbc285d93b6388d46384f7469474c9afe4d0872c5087e6cd7f
cds_era5_backext/1965/global-1965-cloud_base_height.nc, SHA256, 3acb5c75d4cfa504089b5fb97e6c35d0a8a42fde243adb95fd15e3c7eaf1e2cd
cds_era5_backext/1965/global-1965-precipitation_type.nc, SHA256, 51834332364671ea1464f0c9c2060eb9fb47a2437ecd87a5f01ce8232bd6417e
cds_era5_backext/1965/global-1965-surface_pressure.nc, SHA256, 2d7a43754d598d274736ca1e11e71a5d49f352174860776c33d952bde315d7cb
cds_era5_backext/1965/global-1965-total_cloud_cover.nc, SHA256, 182223dede61ce4fe3764c0353f2ae13fc113d1fca57ed8f90e580cc7591ec09
cds_era5_backext/1965/global-1965-total_precipitation.nc, SHA256, 3aed233e9a66e91b504c6aa53b360977c1f8388db15a125b87311db12cd131da
cds_era5_backext/1964/global-1964-10m_u_component_of_wind.nc, SHA256, 27384a920e8fd8f9fe997858ddf34439f8a8a79d1c868d5d68b67f17a5f950c9
cds_era5_backext/1964/global-1964-10m_v_component_of_wind.nc, SHA256, 8d8a9ea9b0d89ab99f518e931607118809589597c819130ef5d8deb5ca7c15a0
cds_era5_backext/1964/global-1964-2m_dewpoint_temperature.nc, SHA256, e2c2b34413148a8cb0c859c828a031427a444c1aee8b7467e6418db3e76ac47b
cds_era5_backext/1964/global-1964-2m_temperature.nc, SHA256, 9ff19a613ef4d2480a2f836fe9c434dd62097375630f7a06050ee17861b93331
cds_era5_backext/1964/global-1964-cloud_base_height.nc, SHA256, f42f7f662a3ff7f031c21c8bb59bfbc8464793b23e51ca251643b21b1c560392
cds_era5_backext/1964/global-1964-precipitation_type.nc, SHA256, 8bbb526891a604ab36c977a42fc7fa8cbec7ae3656cf122a7dbb9440d9c5f105
cds_era5_backext/1964/global-1964-surface_pressure.nc, SHA256, 9b96945b74b068feb1c78a1ca1464578605720fc461f4a7002558168c705547a
cds_era5_backext/1964/global-1964-total_cloud_cover.nc, SHA256, b938e452a090a8ed5260e729fad8e3c33e2d624d22a28d58494fb4f5c08a1574
cds_era5_backext/1964/global-1964-total_precipitation.nc, SHA256, 39e7c2d2206c03d15d79d08412c2fed1684e7b99f5e8872965c6f1b7f8fef288
cds_era5_backext/1963/global-1963-10m_u_component_of_wind.nc, SHA256, 39ace84e90495a59d1b9305e3108bf9552fa14a4a9eb5f7cbd6077c8233dd1c4
cds_era5_backext/1963/global-1963-10m_v_component_of_wind.nc, SHA256, c6ec8437ab5f50a7e7d3af8c57b7db6c21bc027a97a60ad647fd7a71312a76a3
cds_era5_backext/1963/global-1963-2m_dewpoint_temperature.nc, SHA256, a9d742adad97a880ccc9169cdb8a10b2aadd60e0d5563fa7527645a4205f3ddc
cds_era5_backext/1963/global-1963-2m_temperature.nc, SHA256, 5fcde25a4583eb19b66d39d8bc5695f6283306542732d0e12a64518791f76065
cds_era5_backext/1963/global-1963-cloud_base_height.nc, SHA256, 9228a3589bde57f2a8ae1c55afbe5e428920ad53250d1e0932e50dbd8b1feccc
cds_era5_backext/1963/global-1963-surface_pressure.nc, SHA256, 4c868d575f620d6ddeb04e2f3f7c462034e7ad756bda78cc7b8174fe6edccba8
cds_era5_backext/1963/global-1963-precipitation_type.nc, SHA256, 842a9a2f2a26ff0e60e72087bafb57fcc03f25fa5e48916958ef9765adf7f26a
cds_era5_backext/1963/global-1963-total_cloud_cover.nc, SHA256, e830bec14e4e39e9bd1d80159b7460e3432b06f5af65d875b01b64ed7117fc05
cds_era5_backext/1963/global-1963-total_precipitation.nc, SHA256, d2cf3327b941df5ecdb47cfaf1477c5cef0a2bfb8e5b8eb5c0dd5f48b97d9728
cds_era5_backext/1962/global-1962-10m_v_component_of_wind.nc, SHA256, e0bd47641f3a4c625f428d2d69c7c449924fdecac705359bbf0a034a33bfa7da
cds_era5_backext/1962/global-1962-10m_u_component_of_wind.nc, SHA256, 9fa6405309dde639e6a0e27db7f43534ec7780f8417b1eebef0641815b84dcd4
cds_era5_backext/1962/global-1962-2m_dewpoint_temperature.nc, SHA256, 95d7b0bf7908f4a0c815856437390a7cac75777b458151eb75e862cc2ea340e9
cds_era5_backext/1962/global-1962-2m_temperature.nc, SHA256, 93fd0115d65a8dbe6c210f078f73bee576a803b7177461ef543ef85d2a3e2791
cds_era5_backext/1962/global-1962-cloud_base_height.nc, SHA256, 81acbffc36d35771890a718c1b72d0a06748453d415dc6fa18e0f5425074d152
cds_era5_backext/1962/global-1962-precipitation_type.nc, SHA256, ecce4b6b385a9bfa0c4a0af2c459ea13eab932f3443541f48eaf111f8336b4a0
cds_era5_backext/1962/global-1962-surface_pressure.nc, SHA256, 200badfb7cd8b5b3f70ed99181fd536e65cb987ad0d5149d52fce7bde351e7fb
cds_era5_backext/1962/global-1962-total_precipitation.nc, SHA256, ecad2ff66fe10a2a065276ce3afa3b90c239a2c47e2600fb2dc24ea8b318491c
cds_era5_backext/1962/global-1962-total_cloud_cover.nc, SHA256, 148e565b586fcda50426389f9017b55fa7ed5a2b02314d7085e8d6ae7a6e2724
cds_era5_backext/1961/global-1961-10m_u_component_of_wind.nc, SHA256, 86bf920ca5cba80d50aa1bda217049be428e0d7e874352f9cb831bcc210c70cb
cds_era5_backext/1961/global-1961-10m_v_component_of_wind.nc, SHA256, 3f2b82c45a000815455542a88e281eb01df923d7f002f81a2a832f279d8ff5f3
cds_era5_backext/1961/global-1961-2m_dewpoint_temperature.nc, SHA256, b10e56b2e98a4959631f06c8e09ee5e33a9ad9a3bd26e7d5e6dbfbdab7cb53cd
cds_era5_backext/1961/global-1961-2m_temperature.nc, SHA256, fa5ed2e46eb7713bdc7d38f9f1a7b7dede2091d576f008f7f0184a05ef00b599
cds_era5_backext/1961/global-1961-cloud_base_height.nc, SHA256, b9323a1c6c926dacbdd7acce66caa7d25c8becb4ec1157fc1e44072ce4fa9d2b
cds_era5_backext/1961/global-1961-precipitation_type.nc, SHA256, dfcc49a784573acdcea596c3936b6a40b887e5734a26832ea2b2ea2528da5445
cds_era5_backext/1961/global-1961-surface_pressure.nc, SHA256, 2e3b11a28c64b3c482de62f821a4f1c7d56c1f9467490ca898689a9c43001667
cds_era5_backext/1961/global-1961-total_cloud_cover.nc, SHA256, ff396edf1fcf449e7e9c871e713f366905322757641272171b21a9d011002413
cds_era5_backext/1961/global-1961-total_precipitation.nc, SHA256, a71a0a9c75288acece34e49b6f4722b81ae83e7ec492e2594a071215ed22381c
cds_era5_backext/1960/global-1960-10m_u_component_of_wind.nc, SHA256, 0dfe0e59dc57b65f110fadc2ce6cb98013729bda8c73057df118678eacc86c4d
cds_era5_backext/1960/global-1960-10m_v_component_of_wind.nc, SHA256, 966964dd463d3b04f552e8d88caab7bcd7794f796817a56b73cc79018e5f28b2
cds_era5_backext/1960/global-1960-2m_dewpoint_temperature.nc, SHA256, f38efcc55d890a2edee20d72924f7ccc46d0c986a22acfbde1d835d036a2c20b
cds_era5_backext/1960/global-1960-2m_temperature.nc, SHA256, df0301d24ceaabaa10b083b7249b3e3c5a6523aa5adb2a5219347e9aff631e54
cds_era5_backext/1960/global-1960-cloud_base_height.nc, SHA256, d66a36d6971d6c3b64e4269b92b644e5c8647579fbfe5dda0d68bd19f6fca6b4
cds_era5_backext/1960/global-1960-precipitation_type.nc, SHA256, 6a03ddc84443194c18354b61890850f9e9230cfe79446fa07908d5116793505f
cds_era5_backext/1960/global-1960-surface_pressure.nc, SHA256, 5d7352003fa23d4b0df61ad8783570901e6198db5549624ed73c70bd07164512
cds_era5_backext/1960/global-1960-total_cloud_cover.nc, SHA256, ea1ef74f6b7f919748c5f528b0a725c652556e88351d5591ba48ad4d964ad1af
cds_era5_backext/1960/global-1960-total_precipitation.nc, SHA256, 6505e8ddd80182f243db37b8e5185fc928130bfe4d6b56438b3dcf9210b08e4e
cds_era5_backext/1959/global-1959-10m_u_component_of_wind.nc, SHA256, 0d1c21c6e06dc3b3cea7e50f90f1ec3a774c2bc72fbe9c54d6234383c625517a
cds_era5_backext/1959/global-1959-10m_v_component_of_wind.nc, SHA256, d9238ce6e7698574e3f60509df32ca185d2705fdbed565a4efd79d09a5db441c
cds_era5_backext/1959/global-1959-2m_dewpoint_temperature.nc, SHA256, 05623e69f54fe4f4a81096ee78b8497c6d0c8282bec91408fde3d9855daa8bd2
cds_era5_backext/1959/global-1959-2m_temperature.nc, SHA256, ae1d21c49149096001826c79a8689412a19f7d8764b936eeee15751447bc789f
cds_era5_backext/1959/global-1959-cloud_base_height.nc, SHA256, 452141611c370f4c08a76b4b831d1e4bd704c5fa9cc3aab512ac5f887c98ab41
cds_era5_backext/1959/global-1959-precipitation_type.nc, SHA256, f226a911c9e1f786fbe854cd4b58a8305c7fd3bc8bedce390570c64bba921e21
cds_era5_backext/1959/global-1959-surface_pressure.nc, SHA256, 1b2f15ce9b264d7801e0c7f36d514fbda247d420db4a68b3d9d5a8aa28500a9c
cds_era5_backext/1959/global-1959-total_cloud_cover.nc, SHA256, 9c1d7ff054850e999685213d6dfb5776c0c96b6dec24e39ae45eea94c402dff7
cds_era5_backext/1959/global-1959-total_precipitation.nc, SHA256, dacac90cbaf96e409d485508d33308cd711491f172fde647bb5dec6a763b6e61
cds_era5_backext/1958/global-1958-10m_v_component_of_wind.nc, SHA256, 660111d4744ce2c5e0cc4cd46f307f09ad10c4ec9b2cf16d9f0a97a662f74e0d
cds_era5_backext/1958/global-1958-10m_u_component_of_wind.nc, SHA256, 201bb2f3bcf5ebb82cc78a6205941f2e6b14857915d5bf02e04a5f6dc399efcd
cds_era5_backext/1958/global-1958-2m_dewpoint_temperature.nc, SHA256, 0a3ae7fe4a388ffd539ba2d5239d3f24817151cee8d473aad7c4d947309fe302
cds_era5_backext/1958/global-1958-2m_temperature.nc, SHA256, e7b04802ea4beced38479281a595057389390615e918c5dc8999d26f522761bb
cds_era5_backext/1958/global-1958-surface_pressure.nc, SHA256, 7d38ba0b210d7dd490c180fba674ffecb82c4b5eb3dee64eea40a7ba53c5829b
cds_era5_backext/1958/global-1958-cloud_base_height.nc, SHA256, b57fc4afc06241be1f5cd559edfa332b1d12f150cad3afc9317d6e3d9479146f
cds_era5_backext/1958/global-1958-precipitation_type.nc, SHA256, 6461c9cca98349614c42762360ddeea54cfe8d724fa414926f857d18d1e0e307
cds_era5_backext/1958/global-1958-total_precipitation.nc, SHA256, 4842f68e815087fbf9f91574916906b8bbb3c655aa59b38529ac50e2956d4dbb
cds_era5_backext/1958/global-1958-total_cloud_cover.nc, SHA256, 7b3f9d144735cc56e148d43e0a652f55e4c4acab56892a9d0abaca8e70c077f5
cds_era5_backext/1957/global-1957-10m_v_component_of_wind.nc, SHA256, ebe3c3855eee51480b8512e6d153c9d963f602c2aea9304c960878359448913e
cds_era5_backext/1957/global-1957-10m_u_component_of_wind.nc, SHA256, abccbbde76e923569d390a8d521af9631708e3817e1dbcb6567f457a16a59103
cds_era5_backext/1957/global-1957-2m_temperature.nc, SHA256, 967e80f80304bed136e81563d19e5b301cf5c7ceef7f9fbab754a1ca08c249a4
cds_era5_backext/1957/global-1957-2m_dewpoint_temperature.nc, SHA256, 2ccbd38d091461ba452f2a43ac82889fdffb8b70dcda8ebcee4605d0a82d4d9d
cds_era5_backext/1957/global-1957-cloud_base_height.nc, SHA256, e9622150e6093a6a23aaebbe6c3c9d87653024ef9ee7a3742aefb87f92ec6630
cds_era5_backext/1957/global-1957-precipitation_type.nc, SHA256, f3b20fd25336c0f2698c595785aa4254254a6aa57bb3c1de46c13fff49cbbb58
cds_era5_backext/1957/global-1957-total_cloud_cover.nc, SHA256, 62e919405fc146f944ddbb04d56a1e28c31967bd6c85e458f3799e84ce1ac17d
cds_era5_backext/1957/global-1957-surface_pressure.nc, SHA256, b7e8cee85f559e05b8b6767eb3e5c92e0166d01352694318cc2bfa72a247e788
cds_era5_backext/1957/global-1957-total_precipitation.nc, SHA256, 7cdb4d2e5cecb5276b167b202e8ae06c4ca580e65132ded896c1414238ffce07
cds_era5_backext/1956/global-1956-10m_u_component_of_wind.nc, SHA256, 819a14ab76109662e78d6bad2891ceaf5d0ca7b6449d4c6a0d31a504d390ebb1
cds_era5_backext/1956/global-1956-10m_v_component_of_wind.nc, SHA256, 09d78054e99c3cb694916527edf17bc53112458772c8dcab4332dbfa6bcba878
cds_era5_backext/1956/global-1956-2m_dewpoint_temperature.nc, SHA256, b90c5b010e5f48915f8e2aad97b7d411d7347d635bde8220806a2a3f88876541
cds_era5_backext/1956/global-1956-cloud_base_height.nc, SHA256, 10c06a63d1d342e0f6cfd0c4288c11a07d62b965de575fc75565bac1c0161982
cds_era5_backext/1956/global-1956-2m_temperature.nc, SHA256, 52b66805693d7f27283f4eb5ba3807e2558c8e4d71f07796d3735bfe17daf478
cds_era5_backext/1956/global-1956-precipitation_type.nc, SHA256, 9eb1c72606efd60964c90feb7028be6ccc2a76a6ddf46eadbe19f1c9af2a99ea
cds_era5_backext/1956/global-1956-surface_pressure.nc, SHA256, 545d216d3f4d2c3d3f2bbce705bcf660da68077f52918ee2870c15937dd35c26
cds_era5_backext/1956/global-1956-total_precipitation.nc, SHA256, ec9d24c1da3cce29594568ba990c76335adc4fcb9696b65449fbe6e0a11161e1
cds_era5_backext/1956/global-1956-total_cloud_cover.nc, SHA256, f4065c44d5dd9f0a131df71fff12906b47a72146b71bef05dd38b9d4b22fcb21
cds_era5_backext/1955/global-1955-10m_v_component_of_wind.nc, SHA256, 4947fb73612d47d436ad6faed85741db3425d2cc3bb0d61c08d37cb5b6c5179e
cds_era5_backext/1955/global-1955-10m_u_component_of_wind.nc, SHA256, 23014310a1201037f0f74200871de5fb0a8f22d92023aceda97ea146bf0fdbf1
cds_era5_backext/1955/global-1955-2m_dewpoint_temperature.nc, SHA256, 1389f20c51b67c2432f66aa8987f885b5f6b1ddfaf27b05ce84c5c0f3928dbf7
cds_era5_backext/1955/global-1955-2m_temperature.nc, SHA256, 0c96e824b469cd36cdc23aa2b4dfc1ba39e9e7500f27b51b400c72ac08e98ac3
cds_era5_backext/1955/global-1955-cloud_base_height.nc, SHA256, 532e49b2b69ccda65b9493fd738fec0475a93593a227512ac588c8a45d905990
cds_era5_backext/1955/global-1955-precipitation_type.nc, SHA256, 5a5638fcc023c3b8643ba03d4f530a14270e88561d66e958fb2748dcf5a82716
cds_era5_backext/1955/global-1955-surface_pressure.nc, SHA256, b62eee4ce02fc72569c54e376c5b7611ad8674cb22885d0f02be7e97edc48df3
cds_era5_backext/1955/global-1955-total_cloud_cover.nc, SHA256, f5f1339a1514b474e2d6c4697396a546038b7e0ce7830f06e3c8bcde8a170c0d
cds_era5_backext/1955/global-1955-total_precipitation.nc, SHA256, d17a4b11093570b550199d526e655da547fc8f38cea77d10686c6dcd9fe18d5c
cds_era5_backext/1955/global-1955-total_precipitation.nc, SHA256, d17a4b11093570b550199d526e655da547fc8f38cea77d10686c6dcd9fe18d5c
